CREATE DATABASE BlackBeanSkinDB;
USE BlackBeanSkinDB;

-- Create table: 會員資料表 (Member Data Table)
CREATE TABLE MemberData (
    memberid INT PRIMARY KEY IDENTITY(1,1),
    username VARCHAR(50),
    gender VARCHAR(10),
    birthdate DATE,
    phone VARCHAR(20),
    email VARCHAR(100),
    membercreationdate DATE,
    country VARCHAR(50),
    city VARCHAR(50),
    region VARCHAR(50),
    street VARCHAR(100),
    postalcode VARCHAR(20)
);

CREATE TABLE CouponTicketData (
    coupon_id INT PRIMARY KEY IDENTITY(1,1),
    coupon_code VARCHAR(20),
    coupon_name VARCHAR(100),
    coupon_description NVARCHAR(400),
    minimum_amount INT,
    discount_percentage DECIMAL(5, 2),
    discount_amount INT
);

-- Create table: 優惠卷資料表 (Coupon Data Table)
CREATE TABLE UserCouponData (
    couponid INT PRIMARY KEY IDENTITY(1,1),
    memberid INT,
	used varchar(1),
    FOREIGN KEY (memberid) REFERENCES MemberData(memberid),
	FOREIGN KEY (couponid) REFERENCES CouponTicketData(coupon_id)
);


-- Create table: 商品分類資料表 (Product Category Data Table)
CREATE TABLE ProductCategoryData (
    categoryid INT PRIMARY KEY IDENTITY(1,1),
    categoryname VARCHAR(50),
    parentcategoryid INT
);

-- Create table: 商品基本資料表 (Product Basic Data Table)
CREATE TABLE ProductBasicData (
    productid INT PRIMARY KEY IDENTITY(1,1),
    sellermemberid INT,
    productname VARCHAR(100),
    price DECIMAL(10, 2),
    specialprice DECIMAL(10, 2),
    categoryid INT,
    productdetailid INT,
    quantity INT,
    description NVARCHAR(400),
    FOREIGN KEY (sellermemberid) REFERENCES MemberData(memberid),
    FOREIGN KEY (categoryid) REFERENCES ProductCategoryData(categoryid)
);



-- Create table: 商品圖片資料表 (Product Image Data Table)
CREATE TABLE ProductImageData (
    imageid INT PRIMARY KEY IDENTITY(1,1),
    productid INT,
    imagepath VARCHAR(200),
    FOREIGN KEY (productid) REFERENCES ProductBasicData(productid)
);

-- Create table: 商品評論資料表 (Product Review Data Table)
CREATE TABLE ProductReviewData (
    productid INT,
    memberid INT,
    rating INT,
    reviewcontent NVARCHAR(400),
    reviewtime DATETIME,
    PRIMARY KEY (productid, memberid),
    FOREIGN KEY (productid) REFERENCES ProductBasicData(productid),
    FOREIGN KEY (memberid) REFERENCES MemberData(memberid)
);

-- Create table: 問與答資料表 (Q&A Data Table)
CREATE TABLE QandAData (
    productquestionid INT PRIMARY KEY IDENTITY(1,1),
    productid INT,
    sellermemberid INT,
    buyermemberid INT,
    question NVARCHAR(400),
    answer NVARCHAR(400),
    questiontime DATETIME,
    answertime DATETIME,
    FOREIGN KEY (productid) REFERENCES ProductBasicData(productid),
    FOREIGN KEY (sellermemberid) REFERENCES MemberData(memberid),
    FOREIGN KEY (buyermemberid) REFERENCES MemberData(memberid)
);

-- Create table: 購物車資料表 (Shopping Cart Data Table)
CREATE TABLE ShoppingCartData (
    transactionid INT PRIMARY KEY IDENTITY(1,1),
    memberid INT,
    productid INT,
    quantity INT,
    FOREIGN KEY (memberid) REFERENCES MemberData(memberid),
    FOREIGN KEY (productid) REFERENCES ProductBasicData(productid)
);

-- Create table: 願望清單資料表 (Wishlist Data Table)
CREATE TABLE WishlistData (
    transactionid INT PRIMARY KEY IDENTITY(1,1),
    memberid INT,
    productid INT,
    FOREIGN KEY (memberid) REFERENCES MemberData(memberid),
    FOREIGN KEY (productid) REFERENCES ProductBasicData(productid)
);

-- Create table: 訂單基本資料表 (Order Basic Data Table)
CREATE TABLE OrderBasicData (
    orderid INT PRIMARY KEY IDENTITY(1,1),
    sellerid INT,
    memberid INT,
    merchanttradedate NVARCHAR(20),
    choosepayment NVARCHAR(20),
    totalamount INT,
    rating INT,
    reviewcontent NVARCHAR(400),
	merchantid NVARCHAR(10),
	merchanttradenno NVARCHAR(20),
	paymenttype NVARCHAR(20),
	tradedesc NVARCHAR(200),
	itemname NVARCHAR(400),
	returnurl NVARCHAR(200),
	checkmacvalue CHAR,
	encrypttype INT,
	clientbackurl NVARCHAR(200),
	itemurl NVARCHAR(200),
	orderresulturl NVARCHAR(200),
	needextrapaidinfo NVARCHAR(1),
    FOREIGN KEY (sellerid) REFERENCES MemberData(memberid),
    FOREIGN KEY (memberid) REFERENCES MemberData(memberid)
);

-- Create table: 訂單狀態資料表 (Order Status Data Table)
CREATE TABLE OrderStatusData (
    statusid INT PRIMARY KEY IDENTITY(1,1),
    statusname VARCHAR(50)
);

-- Create table: 訂單詳細資料表 (Order Detail Data Table)
CREATE TABLE OrderDetailData (
    orderdetailid INT PRIMARY KEY IDENTITY(1,1),
    orderid INT,
    productid INT,
    quantity INT,
    unitprice DECIMAL(10, 2),
    statusid INT,
    FOREIGN KEY (orderid) REFERENCES OrderBasicData(orderid),
    FOREIGN KEY (productid) REFERENCES ProductBasicData(productid),
    FOREIGN KEY (statusid) REFERENCES OrderStatusData(statusid)
);
INSERT INTO BlackBeanSkinDB.dbo.MemberData (memberid, username, gender, birthdate, phone, email, membercreationdate, country, city, region, street, postalcode) VALUES (1, N'cristina aguilar', N'demigirl', N'2023-04-25', N'0922-805966', N'Rocio41@yahoo.com', null, null, null, null, null, null);
INSERT INTO BlackBeanSkinDB.dbo.MemberData (memberid, username, gender, birthdate, phone, email, membercreationdate, country, city, region, street, postalcode) VALUES (2, N'gonzalo anguiano', N'non-binary', N'2022-12-07', N'0920-624013', N'Amalia.Terrazas@hotmail.com', null, null, null, null, null, null);
INSERT INTO BlackBeanSkinDB.dbo.MemberData (memberid, username, gender, birthdate, phone, email, membercreationdate, country, city, region, street, postalcode) VALUES (3, N'patricia bonilla', N'demiboy', N'2022-10-06', N'0992-234822', N'Mateo_Franco@hotmail.com', null, null, null, null, null, null);
INSERT INTO BlackBeanSkinDB.dbo.MemberData (memberid, username, gender, birthdate, phone, email, membercreationdate, country, city, region, street, postalcode) VALUES (4, N'agustin alcaraz', N'androgynou', N'2023-05-09', N'0964-145484', N'Clara_Porras@yahoo.com', null, null, null, null, null, null);
INSERT INTO BlackBeanSkinDB.dbo.MemberData (memberid, username, gender, birthdate, phone, email, membercreationdate, country, city, region, street, postalcode) VALUES (5, N'dolores gastelum', N'demiboy', N'2022-10-26', N'0920-126995', N'Gloria.Ortiz@yahoo.com', null, null, null, null, null, null);
INSERT INTO BlackBeanSkinDB.dbo.MemberData (memberid, username, gender, birthdate, phone, email, membercreationdate, country, city, region, street, postalcode) VALUES (6, N'raquel cedillo', N'non-binary', N'2022-09-29', N'0944-656664', N'Dolores0@gmail.com', null, null, null, null, null, null);
INSERT INTO BlackBeanSkinDB.dbo.MemberData (memberid, username, gender, birthdate, phone, email, membercreationdate, country, city, region, street, postalcode) VALUES (7, N'diego valenzuela', N'demiboy', N'2022-10-26', N'0923-636393', N'JosEmilio_Orta84@yahoo.com', null, null, null, null, null, null);
INSERT INTO BlackBeanSkinDB.dbo.MemberData (memberid, username, gender, birthdate, phone, email, membercreationdate, country, city, region, street, postalcode) VALUES (8, N'leonor loya', N'androgynou', N'2022-12-05', N'0930-333640', N'Lucas9@gmail.com', null, null, null, null, null, null);
INSERT INTO BlackBeanSkinDB.dbo.MemberData (memberid, username, gender, birthdate, phone, email, membercreationdate, country, city, region, street, postalcode) VALUES (9, N'javier carrion', N'androgynou', N'2023-05-25', N'0936-236996', N'Andrs79@yahoo.com', null, null, null, null, null, null);
INSERT INTO BlackBeanSkinDB.dbo.MemberData (memberid, username, gender, birthdate, phone, email, membercreationdate, country, city, region, street, postalcode) VALUES (10, N'mario carrasco', N'non-binary', N'2022-12-05', N'0937-545698', N'Armando.Lara23@gmail.com', null, null, null, null, null, null);
INSERT INTO BlackBeanSkinDB.dbo.MemberData (memberid, username, gender, birthdate, phone, email, membercreationdate, country, city, region, street, postalcode) VALUES (11, N'german garibay', N'bigender', N'2023-05-25', N'0930-455603', N'Lorena.Castillo@yahoo.com', null, null, null, null, null, null);
INSERT INTO BlackBeanSkinDB.dbo.MemberData (memberid, username, gender, birthdate, phone, email, membercreationdate, country, city, region, street, postalcode) VALUES (12, N'luismiguel archuleta', N'agender', N'2023-02-11', N'0995-809196', N'Pablo7@hotmail.com', null, null, null, null, null, null);
INSERT INTO BlackBeanSkinDB.dbo.MemberData (memberid, username, gender, birthdate, phone, email, membercreationdate, country, city, region, street, postalcode) VALUES (13, N'guadalupe ochoa', N'agender', N'2022-09-11', N'0910-902270', N'Daniela78@gmail.com', null, null, null, null, null, null);
INSERT INTO BlackBeanSkinDB.dbo.MemberData (memberid, username, gender, birthdate, phone, email, membercreationdate, country, city, region, street, postalcode) VALUES (14, N'miguelangel gomez', N'agender', N'2023-05-22', N'0910-213517', N'Alejandro49@hotmail.com', null, null, null, null, null, null);
INSERT INTO BlackBeanSkinDB.dbo.MemberData (memberid, username, gender, birthdate, phone, email, membercreationdate, country, city, region, street, postalcode) VALUES (15, N'virginia luevano', N'genderquee', N'2023-07-06', N'0958-498055', N'Clara_Corrales96@yahoo.com', null, null, null, null, null, null);
INSERT INTO BlackBeanSkinDB.dbo.MemberData (memberid, username, gender, birthdate, phone, email, membercreationdate, country, city, region, street, postalcode) VALUES (16, N'benito deleon', N'genderquee', N'2022-11-29', N'0916-609224', N'Isabela.Apodaca@yahoo.com', null, null, null, null, null, null);
INSERT INTO BlackBeanSkinDB.dbo.MemberData (memberid, username, gender, birthdate, phone, email, membercreationdate, country, city, region, street, postalcode) VALUES (17, N'josemaria brito', N'agender', N'2023-02-21', N'0951-547020', N'Elena_Btancourt38@hotmail.com', null, null, null, null, null, null);
INSERT INTO BlackBeanSkinDB.dbo.MemberData (memberid, username, gender, birthdate, phone, email, membercreationdate, country, city, region, street, postalcode) VALUES (18, N'tomas noriega', N'demigirl', N'2023-07-13', N'0964-941230', N'Cristian15@hotmail.com', null, null, null, null, null, null);
INSERT INTO BlackBeanSkinDB.dbo.MemberData (memberid, username, gender, birthdate, phone, email, membercreationdate, country, city, region, street, postalcode) VALUES (19, N'mateo herrera', N'demigirl', N'2023-04-21', N'0985-713125', N'Elvira_Bustamante@hotmail.com', null, null, null, null, null, null);
INSERT INTO BlackBeanSkinDB.dbo.MemberData (memberid, username, gender, birthdate, phone, email, membercreationdate, country, city, region, street, postalcode) VALUES (20, N'patricio jimenez', N'neutrois', N'2023-06-04', N'0914-496522', N'Clemente_Bermdez@yahoo.com', null, null, null, null, null, null);
INSERT INTO BlackBeanSkinDB.dbo.MemberData (memberid, username, gender, birthdate, phone, email, membercreationdate, country, city, region, street, postalcode) VALUES (21, N'monica pedroza', N'androgynou', N'2023-04-25', N'0913-256434', N'Beatriz.Laboy94@gmail.com', null, null, null, null, null, null);
INSERT INTO BlackBeanSkinDB.dbo.MemberData (memberid, username, gender, birthdate, phone, email, membercreationdate, country, city, region, street, postalcode) VALUES (22, N'elena monroy', N'neutrois', N'2023-07-13', N'0974-156015', N'Isabela32@hotmail.com', null, null, null, null, null, null);
INSERT INTO BlackBeanSkinDB.dbo.MemberData (memberid, username, gender, birthdate, phone, email, membercreationdate, country, city, region, street, postalcode) VALUES (23, N'alfredo navarro', N'genderquee', N'2023-05-10', N'0993-251116', N'Dbora_Hernandes@yahoo.com', null, null, null, null, null, null);
INSERT INTO BlackBeanSkinDB.dbo.MemberData (memberid, username, gender, birthdate, phone, email, membercreationdate, country, city, region, street, postalcode) VALUES (24, N'rebeca lebron', N'agender', N'2023-06-24', N'0961-136592', N'Teodoro64@hotmail.com', null, null, null, null, null, null);
INSERT INTO BlackBeanSkinDB.dbo.MemberData (memberid, username, gender, birthdate, phone, email, membercreationdate, country, city, region, street, postalcode) VALUES (25, N'raquel lozada', N'genderflui', N'2022-10-18', N'0912-983977', N'Vernica_Faras45@gmail.com', null, null, null, null, null, null);
INSERT INTO BlackBeanSkinDB.dbo.MemberData (memberid, username, gender, birthdate, phone, email, membercreationdate, country, city, region, street, postalcode) VALUES (26, N'arturo barrios', N'agender', N'2022-11-13', N'0990-524886', N'Carlota_Loya36@yahoo.com', null, null, null, null, null, null);
INSERT INTO BlackBeanSkinDB.dbo.MemberData (memberid, username, gender, birthdate, phone, email, membercreationdate, country, city, region, street, postalcode) VALUES (27, N'eva davila', N'genderflui', N'2023-02-05', N'0915-497809', N'Rodrigo30@hotmail.com', null, null, null, null, null, null);
INSERT INTO BlackBeanSkinDB.dbo.MemberData (memberid, username, gender, birthdate, phone, email, membercreationdate, country, city, region, street, postalcode) VALUES (28, N'rosa henriquez', N'bigender', N'2023-01-04', N'0965-158442', N'JulioCsar_Acosta@yahoo.com', null, null, null, null, null, null);
INSERT INTO BlackBeanSkinDB.dbo.MemberData (memberid, username, gender, birthdate, phone, email, membercreationdate, country, city, region, street, postalcode) VALUES (29, N'leonor villegas', N'genderflui', N'2022-12-11', N'0923-631092', N'Vernica50@gmail.com', null, null, null, null, null, null);
INSERT INTO BlackBeanSkinDB.dbo.MemberData (memberid, username, gender, birthdate, phone, email, membercreationdate, country, city, region, street, postalcode) VALUES (30, N'elvira pina', N'bigender', N'2023-05-05', N'0969-953985', N'Ana.Camarillo96@hotmail.com', null, null, null, null, null, null);
INSERT INTO BlackBeanSkinDB.dbo.MemberData (memberid, username, gender, birthdate, phone, email, membercreationdate, country, city, region, street, postalcode) VALUES (31, N'homero paz', N'non-binary', N'2023-05-19', N'0999-515681', N'Julia.Monroy92@hotmail.com', null, null, null, null, null, null);
INSERT INTO BlackBeanSkinDB.dbo.MemberData (memberid, username, gender, birthdate, phone, email, membercreationdate, country, city, region, street, postalcode) VALUES (32, N'bernardo madrid', N'demiboy', N'2023-05-28', N'0974-727095', N'Silvia28@gmail.com', null, null, null, null, null, null);
INSERT INTO BlackBeanSkinDB.dbo.MemberData (memberid, username, gender, birthdate, phone, email, membercreationdate, country, city, region, street, postalcode) VALUES (33, N'josefina almonte', N'genderquee', N'2022-12-09', N'0918-203070', N'Julia.Rivera74@gmail.com', null, null, null, null, null, null);
INSERT INTO BlackBeanSkinDB.dbo.MemberData (memberid, username, gender, birthdate, phone, email, membercreationdate, country, city, region, street, postalcode) VALUES (34, N'marcela guajardo', N'genderflui', N'2022-10-23', N'0957-589181', N'Sara77@gmail.com', null, null, null, null, null, null);
INSERT INTO BlackBeanSkinDB.dbo.MemberData (memberid, username, gender, birthdate, phone, email, membercreationdate, country, city, region, street, postalcode) VALUES (35, N'ruben jimenez', N'bigender', N'2022-10-16', N'0946-977018', N'Antonio12@yahoo.com', null, null, null, null, null, null);
INSERT INTO BlackBeanSkinDB.dbo.MemberData (memberid, username, gender, birthdate, phone, email, membercreationdate, country, city, region, street, postalcode) VALUES (36, N'alfredo loera', N'genderquee', N'2022-09-02', N'0935-485156', N'Sancho32@gmail.com', null, null, null, null, null, null);
INSERT INTO BlackBeanSkinDB.dbo.MemberData (memberid, username, gender, birthdate, phone, email, membercreationdate, country, city, region, street, postalcode) VALUES (37, N'soledad longoria', N'bigender', N'2023-07-13', N'0944-286380', N'Mario.Fonseca25@yahoo.com', null, null, null, null, null, null);
INSERT INTO BlackBeanSkinDB.dbo.MemberData (memberid, username, gender, birthdate, phone, email, membercreationdate, country, city, region, street, postalcode) VALUES (38, N'mariadelcarmen palomo', N'bigender', N'2022-11-11', N'0927-370170', N'MaraLuisa_Valenzuela@gmail.com', null, null, null, null, null, null);
INSERT INTO BlackBeanSkinDB.dbo.MemberData (memberid, username, gender, birthdate, phone, email, membercreationdate, country, city, region, street, postalcode) VALUES (39, N'emilia nava', N'bigender', N'2023-07-23', N'0938-552202', N'Jernimo.Cabrera17@gmail.com', null, null, null, null, null, null);
INSERT INTO BlackBeanSkinDB.dbo.MemberData (memberid, username, gender, birthdate, phone, email, membercreationdate, country, city, region, street, postalcode) VALUES (40, N'joseeduardo deanda', N'genderflui', N'2023-06-29', N'0965-660041', N'Carla68@gmail.com', null, null, null, null, null, null);
INSERT INTO BlackBeanSkinDB.dbo.MemberData (memberid, username, gender, birthdate, phone, email, membercreationdate, country, city, region, street, postalcode) VALUES (41, N'florencia rocha', N'bigender', N'2023-02-02', N'0928-878118', N'Gregorio0@yahoo.com', null, null, null, null, null, null);
INSERT INTO BlackBeanSkinDB.dbo.MemberData (memberid, username, gender, birthdate, phone, email, membercreationdate, country, city, region, street, postalcode) VALUES (42, N'florencia salas', N'agender', N'2022-12-12', N'0954-525040', N'Carmen_Roque76@yahoo.com', null, null, null, null, null, null);
INSERT INTO BlackBeanSkinDB.dbo.MemberData (memberid, username, gender, birthdate, phone, email, membercreationdate, country, city, region, street, postalcode) VALUES (43, N'adela rodarte', N'agender', N'2023-04-19', N'0916-376570', N'Teresa71@gmail.com', null, null, null, null, null, null);
INSERT INTO BlackBeanSkinDB.dbo.MemberData (memberid, username, gender, birthdate, phone, email, membercreationdate, country, city, region, street, postalcode) VALUES (44, N'leticia haro', N'genderflui', N'2023-02-19', N'0942-876154', N'Adriana.Malave56@hotmail.com', null, null, null, null, null, null);
INSERT INTO BlackBeanSkinDB.dbo.MemberData (memberid, username, gender, birthdate, phone, email, membercreationdate, country, city, region, street, postalcode) VALUES (45, N'claudia riojas', N'demiboy', N'2023-06-24', N'0999-640371', N'scar_Njera27@gmail.com', null, null, null, null, null, null);
INSERT INTO BlackBeanSkinDB.dbo.MemberData (memberid, username, gender, birthdate, phone, email, membercreationdate, country, city, region, street, postalcode) VALUES (46, N'patricia mercado', N'agender', N'2023-03-10', N'0956-294695', N'Conchita29@gmail.com', null, null, null, null, null, null);
INSERT INTO BlackBeanSkinDB.dbo.MemberData (memberid, username, gender, birthdate, phone, email, membercreationdate, country, city, region, street, postalcode) VALUES (47, N'marisol alcantar', N'demiboy', N'2023-01-07', N'0927-818419', N'Salvador_Orta@yahoo.com', null, null, null, null, null, null);
INSERT INTO BlackBeanSkinDB.dbo.MemberData (memberid, username, gender, birthdate, phone, email, membercreationdate, country, city, region, street, postalcode) VALUES (48, N'ramiro villalobos', N'genderquee', N'2022-12-24', N'0940-182982', N'Miguelngel.Ramn30@yahoo.com', null, null, null, null, null, null);
INSERT INTO BlackBeanSkinDB.dbo.MemberData (memberid, username, gender, birthdate, phone, email, membercreationdate, country, city, region, street, postalcode) VALUES (49, N'julia arevalo', N'demigirl', N'2022-12-13', N'0992-984363', N'Gonzalo54@hotmail.com', null, null, null, null, null, null);
INSERT INTO BlackBeanSkinDB.dbo.MemberData (memberid, username, gender, birthdate, phone, email, membercreationdate, country, city, region, street, postalcode) VALUES (50, N'victoria florez', N'non-binary', N'2023-06-29', N'0974-891752', N'David_Becerra@hotmail.com', null, null, null, null, null, null);
INSERT INTO BlackBeanSkinDB.dbo.MemberData (memberid, username, gender, birthdate, phone, email, membercreationdate, country, city, region, street, postalcode) VALUES (51, N'cecilia ortiz', N'demigirl', N'2022-10-28', N'0983-718101', N'Ral_Lucero50@yahoo.com', null, null, null, null, null, null);
INSERT INTO BlackBeanSkinDB.dbo.MemberData (memberid, username, gender, birthdate, phone, email, membercreationdate, country, city, region, street, postalcode) VALUES (52, N'ruben galvez', N'bigender', N'2023-03-11', N'0915-124733', N'Jess4@yahoo.com', null, null, null, null, null, null);
INSERT INTO BlackBeanSkinDB.dbo.MemberData (memberid, username, gender, birthdate, phone, email, membercreationdate, country, city, region, street, postalcode) VALUES (53, N'olivia collazo', N'agender', N'2023-08-02', N'0927-768516', N'MaraEugenia_Moreno69@hotmail.com', null, null, null, null, null, null);
INSERT INTO BlackBeanSkinDB.dbo.MemberData (memberid, username, gender, birthdate, phone, email, membercreationdate, country, city, region, street, postalcode) VALUES (54, N'lorenzo delafuente', N'bigender', N'2023-07-04', N'0994-597899', N'Marcela83@hotmail.com', null, null, null, null, null, null);
INSERT INTO BlackBeanSkinDB.dbo.MemberData (memberid, username, gender, birthdate, phone, email, membercreationdate, country, city, region, street, postalcode) VALUES (55, N'agustin florez', N'genderflui', N'2022-10-01', N'0962-297007', N'Sofia20@hotmail.com', null, null, null, null, null, null);
INSERT INTO BlackBeanSkinDB.dbo.MemberData (memberid, username, gender, birthdate, phone, email, membercreationdate, country, city, region, street, postalcode) VALUES (56, N'oscar navarrete', N'demiboy', N'2023-04-08', N'0917-804877', N'Sara76@hotmail.com', null, null, null, null, null, null);
INSERT INTO BlackBeanSkinDB.dbo.MemberData (memberid, username, gender, birthdate, phone, email, membercreationdate, country, city, region, street, postalcode) VALUES (57, N'santiago escamilla', N'androgynou', N'2023-08-28', N'0961-655795', N'MaradelCarmen20@yahoo.com', null, null, null, null, null, null);
INSERT INTO BlackBeanSkinDB.dbo.MemberData (memberid, username, gender, birthdate, phone, email, membercreationdate, country, city, region, street, postalcode) VALUES (58, N'miguelangel vazquez', N'non-binary', N'2023-05-15', N'0915-579058', N'Alberto.Portillo6@yahoo.com', null, null, null, null, null, null);
INSERT INTO BlackBeanSkinDB.dbo.MemberData (memberid, username, gender, birthdate, phone, email, membercreationdate, country, city, region, street, postalcode) VALUES (59, N'clara baez', N'genderquee', N'2022-12-05', N'0954-873229', N'Vicente.Vigil13@yahoo.com', null, null, null, null, null, null);
INSERT INTO BlackBeanSkinDB.dbo.MemberData (memberid, username, gender, birthdate, phone, email, membercreationdate, country, city, region, street, postalcode) VALUES (60, N'antonio tirado', N'androgynou', N'2023-06-22', N'0932-826846', N'Rocio.Berros0@gmail.com', null, null, null, null, null, null);
INSERT INTO BlackBeanSkinDB.dbo.MemberData (memberid, username, gender, birthdate, phone, email, membercreationdate, country, city, region, street, postalcode) VALUES (61, N'raul nazario', N'genderflui', N'2023-01-13', N'0950-498794', N'Conchita29@yahoo.com', null, null, null, null, null, null);
INSERT INTO BlackBeanSkinDB.dbo.MemberData (memberid, username, gender, birthdate, phone, email, membercreationdate, country, city, region, street, postalcode) VALUES (62, N'marcoantonio velazquez', N'demigirl', N'2023-03-14', N'0983-491935', N'Vctor75@hotmail.com', null, null, null, null, null, null);
INSERT INTO BlackBeanSkinDB.dbo.MemberData (memberid, username, gender, birthdate, phone, email, membercreationdate, country, city, region, street, postalcode) VALUES (63, N'miguelangel orta', N'demiboy', N'2023-05-09', N'0923-405035', N'MaradelCarmen14@gmail.com', null, null, null, null, null, null);
INSERT INTO BlackBeanSkinDB.dbo.MemberData (memberid, username, gender, birthdate, phone, email, membercreationdate, country, city, region, street, postalcode) VALUES (64, N'claudio delacruz', N'neutrois', N'2023-03-12', N'0921-874104', N'Ignacio.Romero@yahoo.com', null, null, null, null, null, null);
INSERT INTO BlackBeanSkinDB.dbo.MemberData (memberid, username, gender, birthdate, phone, email, membercreationdate, country, city, region, street, postalcode) VALUES (65, N'antonio perea', N'androgynou', N'2023-07-08', N'0985-469043', N'Sancho88@gmail.com', null, null, null, null, null, null);
INSERT INTO BlackBeanSkinDB.dbo.MemberData (memberid, username, gender, birthdate, phone, email, membercreationdate, country, city, region, street, postalcode) VALUES (66, N'carolina escobedo', N'androgynou', N'2023-03-16', N'0982-976293', N'Francisco_Ibarra@yahoo.com', null, null, null, null, null, null);
INSERT INTO BlackBeanSkinDB.dbo.MemberData (memberid, username, gender, birthdate, phone, email, membercreationdate, country, city, region, street, postalcode) VALUES (67, N'martin valencia', N'demiboy', N'2023-01-31', N'0938-615906', N'Blanca.Portillo57@gmail.com', null, null, null, null, null, null);
INSERT INTO BlackBeanSkinDB.dbo.MemberData (memberid, username, gender, birthdate, phone, email, membercreationdate, country, city, region, street, postalcode) VALUES (68, N'mariano sauceda', N'androgynou', N'2023-01-16', N'0940-988884', N'Carlota60@hotmail.com', null, null, null, null, null, null);
INSERT INTO BlackBeanSkinDB.dbo.MemberData (memberid, username, gender, birthdate, phone, email, membercreationdate, country, city, region, street, postalcode) VALUES (69, N'german venegas', N'demiboy', N'2023-07-01', N'0968-813022', N'Elena51@gmail.com', null, null, null, null, null, null);
INSERT INTO BlackBeanSkinDB.dbo.MemberData (memberid, username, gender, birthdate, phone, email, membercreationdate, country, city, region, street, postalcode) VALUES (70, N'sara villareal', N'genderflui', N'2023-07-26', N'0931-137238', N'Rafael41@yahoo.com', null, null, null, null, null, null);
INSERT INTO BlackBeanSkinDB.dbo.MemberData (memberid, username, gender, birthdate, phone, email, membercreationdate, country, city, region, street, postalcode) VALUES (71, N'natalia chavarria', N'androgynou', N'2023-08-05', N'0966-142589', N'Gerardo.Guerra27@hotmail.com', null, null, null, null, null, null);
INSERT INTO BlackBeanSkinDB.dbo.MemberData (memberid, username, gender, birthdate, phone, email, membercreationdate, country, city, region, street, postalcode) VALUES (72, N'marisol suarez', N'bigender', N'2022-12-28', N'0948-781791', N'Graciela_Montero@gmail.com', null, null, null, null, null, null);
INSERT INTO BlackBeanSkinDB.dbo.MemberData (memberid, username, gender, birthdate, phone, email, membercreationdate, country, city, region, street, postalcode) VALUES (73, N'irene ulibarri', N'agender', N'2023-08-19', N'0949-394359', N'Concepcin_Godoy61@gmail.com', null, null, null, null, null, null);
INSERT INTO BlackBeanSkinDB.dbo.MemberData (memberid, username, gender, birthdate, phone, email, membercreationdate, country, city, region, street, postalcode) VALUES (74, N'esteban fuentes', N'non-binary', N'2022-11-03', N'0982-200955', N'Sara_Valles@yahoo.com', null, null, null, null, null, null);
INSERT INTO BlackBeanSkinDB.dbo.MemberData (memberid, username, gender, birthdate, phone, email, membercreationdate, country, city, region, street, postalcode) VALUES (75, N'mayte gastelum', N'demigirl', N'2023-05-20', N'0978-374962', N'MaraJos.Quinez61@hotmail.com', null, null, null, null, null, null);
INSERT INTO BlackBeanSkinDB.dbo.MemberData (memberid, username, gender, birthdate, phone, email, membercreationdate, country, city, region, street, postalcode) VALUES (76, N'estela villanueva', N'genderquee', N'2023-01-12', N'0912-517094', N'Lorenzo_Segovia84@gmail.com', null, null, null, null, null, null);
INSERT INTO BlackBeanSkinDB.dbo.MemberData (memberid, username, gender, birthdate, phone, email, membercreationdate, country, city, region, street, postalcode) VALUES (77, N'guillermo chavez', N'bigender', N'2023-01-07', N'0970-718610', N'Diego.Robles@hotmail.com', null, null, null, null, null, null);
INSERT INTO BlackBeanSkinDB.dbo.MemberData (memberid, username, gender, birthdate, phone, email, membercreationdate, country, city, region, street, postalcode) VALUES (78, N'luis jaquez', N'agender', N'2023-07-05', N'0943-349318', N'JosLuis.Jquez@gmail.com', null, null, null, null, null, null);
INSERT INTO BlackBeanSkinDB.dbo.MemberData (memberid, username, gender, birthdate, phone, email, membercreationdate, country, city, region, street, postalcode) VALUES (79, N'elsa cedillo', N'bigender', N'2022-12-07', N'0924-920509', N'Isabela_Rentera@yahoo.com', null, null, null, null, null, null);
INSERT INTO BlackBeanSkinDB.dbo.MemberData (memberid, username, gender, birthdate, phone, email, membercreationdate, country, city, region, street, postalcode) VALUES (80, N'cristina quezada', N'genderquee', N'2023-04-22', N'0998-517704', N'Guillermina87@yahoo.com', null, null, null, null, null, null);
INSERT INTO BlackBeanSkinDB.dbo.MemberData (memberid, username, gender, birthdate, phone, email, membercreationdate, country, city, region, street, postalcode) VALUES (81, N'rosa zepeda', N'androgynou', N'2023-06-30', N'0960-859628', N'Leonor85@yahoo.com', null, null, null, null, null, null);
INSERT INTO BlackBeanSkinDB.dbo.MemberData (memberid, username, gender, birthdate, phone, email, membercreationdate, country, city, region, street, postalcode) VALUES (82, N'teresa olivo', N'demiboy', N'2022-12-06', N'0917-543710', N'Pedro_Molina40@yahoo.com', null, null, null, null, null, null);
INSERT INTO BlackBeanSkinDB.dbo.MemberData (memberid, username, gender, birthdate, phone, email, membercreationdate, country, city, region, street, postalcode) VALUES (83, N'elisa jasso', N'demigirl', N'2023-02-14', N'0945-406689', N'Samuel63@hotmail.com', null, null, null, null, null, null);
INSERT INTO BlackBeanSkinDB.dbo.MemberData (memberid, username, gender, birthdate, phone, email, membercreationdate, country, city, region, street, postalcode) VALUES (84, N'luis botello', N'agender', N'2022-10-25', N'0977-325653', N'Berta_Seplveda86@hotmail.com', null, null, null, null, null, null);
INSERT INTO BlackBeanSkinDB.dbo.MemberData (memberid, username, gender, birthdate, phone, email, membercreationdate, country, city, region, street, postalcode) VALUES (85, N'marcela vanegas', N'agender', N'2023-05-10', N'0984-238681', N'Carlota_Carrion@gmail.com', null, null, null, null, null, null);
INSERT INTO BlackBeanSkinDB.dbo.MemberData (memberid, username, gender, birthdate, phone, email, membercreationdate, country, city, region, street, postalcode) VALUES (86, N'jaime esparza', N'non-binary', N'2023-04-17', N'0922-785583', N'Alicia_Delafuente@hotmail.com', null, null, null, null, null, null);
INSERT INTO BlackBeanSkinDB.dbo.MemberData (memberid, username, gender, birthdate, phone, email, membercreationdate, country, city, region, street, postalcode) VALUES (87, N'lola centeno', N'agender', N'2023-08-17', N'0964-964898', N'MaraJos_Jimnez26@hotmail.com', null, null, null, null, null, null);
INSERT INTO BlackBeanSkinDB.dbo.MemberData (memberid, username, gender, birthdate, phone, email, membercreationdate, country, city, region, street, postalcode) VALUES (88, N'manuel olivo', N'agender', N'2023-05-08', N'0981-600178', N'Irene54@hotmail.com', null, null, null, null, null, null);
INSERT INTO BlackBeanSkinDB.dbo.MemberData (memberid, username, gender, birthdate, phone, email, membercreationdate, country, city, region, street, postalcode) VALUES (89, N'isabel iglesias', N'demiboy', N'2022-11-12', N'0998-982542', N'Elena.Velasco50@gmail.com', null, null, null, null, null, null);
INSERT INTO BlackBeanSkinDB.dbo.MemberData (memberid, username, gender, birthdate, phone, email, membercreationdate, country, city, region, street, postalcode) VALUES (90, N'gonzalo armendariz', N'genderquee', N'2023-01-26', N'0958-907305', N'Salvador.Baca@yahoo.com', null, null, null, null, null, null);
INSERT INTO BlackBeanSkinDB.dbo.MemberData (memberid, username, gender, birthdate, phone, email, membercreationdate, country, city, region, street, postalcode) VALUES (91, N'mariajose romero', N'non-binary', N'2023-08-07', N'0915-740615', N'Miguelngel_Ruelas@gmail.com', null, null, null, null, null, null);
INSERT INTO BlackBeanSkinDB.dbo.MemberData (memberid, username, gender, birthdate, phone, email, membercreationdate, country, city, region, street, postalcode) VALUES (92, N'daniel alba', N'non-binary', N'2023-04-05', N'0937-671486', N'Andrea.Delacrz9@yahoo.com', null, null, null, null, null, null);
INSERT INTO BlackBeanSkinDB.dbo.MemberData (memberid, username, gender, birthdate, phone, email, membercreationdate, country, city, region, street, postalcode) VALUES (93, N'andres sauceda', N'demiboy', N'2023-01-18', N'0923-425209', N'Enrique_Trevio@yahoo.com', null, null, null, null, null, null);
INSERT INTO BlackBeanSkinDB.dbo.MemberData (memberid, username, gender, birthdate, phone, email, membercreationdate, country, city, region, street, postalcode) VALUES (94, N'andres casarez', N'bigender', N'2022-12-04', N'0997-294849', N'Homero_Ocampo@hotmail.com', null, null, null, null, null, null);
INSERT INTO BlackBeanSkinDB.dbo.MemberData (memberid, username, gender, birthdate, phone, email, membercreationdate, country, city, region, street, postalcode) VALUES (95, N'cesar laureano', N'non-binary', N'2023-07-01', N'0973-989244', N'Hernn.Melndez@gmail.com', null, null, null, null, null, null);
INSERT INTO BlackBeanSkinDB.dbo.MemberData (memberid, username, gender, birthdate, phone, email, membercreationdate, country, city, region, street, postalcode) VALUES (96, N'mayte ordonez', N'demiboy', N'2022-12-25', N'0967-940063', N'Joaqun0@hotmail.com', null, null, null, null, null, null);
INSERT INTO BlackBeanSkinDB.dbo.MemberData (memberid, username, gender, birthdate, phone, email, membercreationdate, country, city, region, street, postalcode) VALUES (97, N'ines corona', N'bigender', N'2023-07-28', N'0999-434168', N'Gilberto_Espinal70@gmail.com', null, null, null, null, null, null);
INSERT INTO BlackBeanSkinDB.dbo.MemberData (memberid, username, gender, birthdate, phone, email, membercreationdate, country, city, region, street, postalcode) VALUES (98, N'rodrigo bernal', N'demigirl', N'2022-11-09', N'0994-328248', N'Pablo.Mayorga@hotmail.com', null, null, null, null, null, null);
INSERT INTO BlackBeanSkinDB.dbo.MemberData (memberid, username, gender, birthdate, phone, email, membercreationdate, country, city, region, street, postalcode) VALUES (99, N'susana beltran', N'demiboy', N'2023-05-23', N'0979-503129', N'Luz88@gmail.com', null, null, null, null, null, null);
INSERT INTO BlackBeanSkinDB.dbo.MemberData (memberid, username, gender, birthdate, phone, email, membercreationdate, country, city, region, street, postalcode) VALUES (100, N'german verduzco', N'agender', N'2022-09-22', N'0966-413351', N'David_Delarosa@hotmail.com', null, null, null, null, null, null);
INSERT INTO BlackBeanSkinDB.dbo.MemberData (memberid, username, gender, birthdate, phone, email, membercreationdate, country, city, region, street, postalcode) VALUES (101, N'cristina aguilar', N'demigirl', N'2023-04-25', N'0922-805966', N'Rocio41@yahoo.com', null, null, null, null, null, null);
INSERT INTO BlackBeanSkinDB.dbo.MemberData (memberid, username, gender, birthdate, phone, email, membercreationdate, country, city, region, street, postalcode) VALUES (102, N'gonzalo anguiano', N'non-binary', N'2022-12-07', N'0920-624013', N'Amalia.Terrazas@hotmail.com', null, null, null, null, null, null);
INSERT INTO BlackBeanSkinDB.dbo.MemberData (memberid, username, gender, birthdate, phone, email, membercreationdate, country, city, region, street, postalcode) VALUES (103, N'patricia bonilla', N'demiboy', N'2022-10-06', N'0992-234822', N'Mateo_Franco@hotmail.com', null, null, null, null, null, null);
INSERT INTO BlackBeanSkinDB.dbo.MemberData (memberid, username, gender, birthdate, phone, email, membercreationdate, country, city, region, street, postalcode) VALUES (104, N'agustin alcaraz', N'androgynou', N'2023-05-09', N'0964-145484', N'Clara_Porras@yahoo.com', null, null, null, null, null, null);
INSERT INTO BlackBeanSkinDB.dbo.MemberData (memberid, username, gender, birthdate, phone, email, membercreationdate, country, city, region, street, postalcode) VALUES (105, N'dolores gastelum', N'demiboy', N'2022-10-26', N'0920-126995', N'Gloria.Ortiz@yahoo.com', null, null, null, null, null, null);
INSERT INTO BlackBeanSkinDB.dbo.MemberData (memberid, username, gender, birthdate, phone, email, membercreationdate, country, city, region, street, postalcode) VALUES (106, N'raquel cedillo', N'non-binary', N'2022-09-29', N'0944-656664', N'Dolores0@gmail.com', null, null, null, null, null, null);
INSERT INTO BlackBeanSkinDB.dbo.MemberData (memberid, username, gender, birthdate, phone, email, membercreationdate, country, city, region, street, postalcode) VALUES (107, N'diego valenzuela', N'demiboy', N'2022-10-26', N'0923-636393', N'JosEmilio_Orta84@yahoo.com', null, null, null, null, null, null);
INSERT INTO BlackBeanSkinDB.dbo.MemberData (memberid, username, gender, birthdate, phone, email, membercreationdate, country, city, region, street, postalcode) VALUES (108, N'leonor loya', N'androgynou', N'2022-12-05', N'0930-333640', N'Lucas9@gmail.com', null, null, null, null, null, null);
INSERT INTO BlackBeanSkinDB.dbo.MemberData (memberid, username, gender, birthdate, phone, email, membercreationdate, country, city, region, street, postalcode) VALUES (109, N'javier carrion', N'androgynou', N'2023-05-25', N'0936-236996', N'Andrs79@yahoo.com', null, null, null, null, null, null);
INSERT INTO BlackBeanSkinDB.dbo.MemberData (memberid, username, gender, birthdate, phone, email, membercreationdate, country, city, region, street, postalcode) VALUES (110, N'mario carrasco', N'non-binary', N'2022-12-05', N'0937-545698', N'Armando.Lara23@gmail.com', null, null, null, null, null, null);
INSERT INTO BlackBeanSkinDB.dbo.MemberData (memberid, username, gender, birthdate, phone, email, membercreationdate, country, city, region, street, postalcode) VALUES (111, N'german garibay', N'bigender', N'2023-05-25', N'0930-455603', N'Lorena.Castillo@yahoo.com', null, null, null, null, null, null);
INSERT INTO BlackBeanSkinDB.dbo.MemberData (memberid, username, gender, birthdate, phone, email, membercreationdate, country, city, region, street, postalcode) VALUES (112, N'luismiguel archuleta', N'agender', N'2023-02-11', N'0995-809196', N'Pablo7@hotmail.com', null, null, null, null, null, null);
INSERT INTO BlackBeanSkinDB.dbo.MemberData (memberid, username, gender, birthdate, phone, email, membercreationdate, country, city, region, street, postalcode) VALUES (113, N'guadalupe ochoa', N'agender', N'2022-09-11', N'0910-902270', N'Daniela78@gmail.com', null, null, null, null, null, null);
INSERT INTO BlackBeanSkinDB.dbo.MemberData (memberid, username, gender, birthdate, phone, email, membercreationdate, country, city, region, street, postalcode) VALUES (114, N'miguelangel gomez', N'agender', N'2023-05-22', N'0910-213517', N'Alejandro49@hotmail.com', null, null, null, null, null, null);
INSERT INTO BlackBeanSkinDB.dbo.MemberData (memberid, username, gender, birthdate, phone, email, membercreationdate, country, city, region, street, postalcode) VALUES (115, N'virginia luevano', N'genderquee', N'2023-07-06', N'0958-498055', N'Clara_Corrales96@yahoo.com', null, null, null, null, null, null);
INSERT INTO BlackBeanSkinDB.dbo.MemberData (memberid, username, gender, birthdate, phone, email, membercreationdate, country, city, region, street, postalcode) VALUES (116, N'benito deleon', N'genderquee', N'2022-11-29', N'0916-609224', N'Isabela.Apodaca@yahoo.com', null, null, null, null, null, null);
INSERT INTO BlackBeanSkinDB.dbo.MemberData (memberid, username, gender, birthdate, phone, email, membercreationdate, country, city, region, street, postalcode) VALUES (117, N'josemaria brito', N'agender', N'2023-02-21', N'0951-547020', N'Elena_Btancourt38@hotmail.com', null, null, null, null, null, null);
INSERT INTO BlackBeanSkinDB.dbo.MemberData (memberid, username, gender, birthdate, phone, email, membercreationdate, country, city, region, street, postalcode) VALUES (118, N'tomas noriega', N'demigirl', N'2023-07-13', N'0964-941230', N'Cristian15@hotmail.com', null, null, null, null, null, null);
INSERT INTO BlackBeanSkinDB.dbo.MemberData (memberid, username, gender, birthdate, phone, email, membercreationdate, country, city, region, street, postalcode) VALUES (119, N'mateo herrera', N'demigirl', N'2023-04-21', N'0985-713125', N'Elvira_Bustamante@hotmail.com', null, null, null, null, null, null);
INSERT INTO BlackBeanSkinDB.dbo.MemberData (memberid, username, gender, birthdate, phone, email, membercreationdate, country, city, region, street, postalcode) VALUES (120, N'patricio jimenez', N'neutrois', N'2023-06-04', N'0914-496522', N'Clemente_Bermdez@yahoo.com', null, null, null, null, null, null);
INSERT INTO BlackBeanSkinDB.dbo.MemberData (memberid, username, gender, birthdate, phone, email, membercreationdate, country, city, region, street, postalcode) VALUES (121, N'monica pedroza', N'androgynou', N'2023-04-25', N'0913-256434', N'Beatriz.Laboy94@gmail.com', null, null, null, null, null, null);
INSERT INTO BlackBeanSkinDB.dbo.MemberData (memberid, username, gender, birthdate, phone, email, membercreationdate, country, city, region, street, postalcode) VALUES (122, N'elena monroy', N'neutrois', N'2023-07-13', N'0974-156015', N'Isabela32@hotmail.com', null, null, null, null, null, null);
INSERT INTO BlackBeanSkinDB.dbo.MemberData (memberid, username, gender, birthdate, phone, email, membercreationdate, country, city, region, street, postalcode) VALUES (123, N'alfredo navarro', N'genderquee', N'2023-05-10', N'0993-251116', N'Dbora_Hernandes@yahoo.com', null, null, null, null, null, null);
INSERT INTO BlackBeanSkinDB.dbo.MemberData (memberid, username, gender, birthdate, phone, email, membercreationdate, country, city, region, street, postalcode) VALUES (124, N'rebeca lebron', N'agender', N'2023-06-24', N'0961-136592', N'Teodoro64@hotmail.com', null, null, null, null, null, null);
INSERT INTO BlackBeanSkinDB.dbo.MemberData (memberid, username, gender, birthdate, phone, email, membercreationdate, country, city, region, street, postalcode) VALUES (125, N'raquel lozada', N'genderflui', N'2022-10-18', N'0912-983977', N'Vernica_Faras45@gmail.com', null, null, null, null, null, null);
INSERT INTO BlackBeanSkinDB.dbo.MemberData (memberid, username, gender, birthdate, phone, email, membercreationdate, country, city, region, street, postalcode) VALUES (126, N'arturo barrios', N'agender', N'2022-11-13', N'0990-524886', N'Carlota_Loya36@yahoo.com', null, null, null, null, null, null);
INSERT INTO BlackBeanSkinDB.dbo.MemberData (memberid, username, gender, birthdate, phone, email, membercreationdate, country, city, region, street, postalcode) VALUES (127, N'eva davila', N'genderflui', N'2023-02-05', N'0915-497809', N'Rodrigo30@hotmail.com', null, null, null, null, null, null);
INSERT INTO BlackBeanSkinDB.dbo.MemberData (memberid, username, gender, birthdate, phone, email, membercreationdate, country, city, region, street, postalcode) VALUES (128, N'rosa henriquez', N'bigender', N'2023-01-04', N'0965-158442', N'JulioCsar_Acosta@yahoo.com', null, null, null, null, null, null);
INSERT INTO BlackBeanSkinDB.dbo.MemberData (memberid, username, gender, birthdate, phone, email, membercreationdate, country, city, region, street, postalcode) VALUES (129, N'leonor villegas', N'genderflui', N'2022-12-11', N'0923-631092', N'Vernica50@gmail.com', null, null, null, null, null, null);
INSERT INTO BlackBeanSkinDB.dbo.MemberData (memberid, username, gender, birthdate, phone, email, membercreationdate, country, city, region, street, postalcode) VALUES (130, N'elvira pina', N'bigender', N'2023-05-05', N'0969-953985', N'Ana.Camarillo96@hotmail.com', null, null, null, null, null, null);
INSERT INTO BlackBeanSkinDB.dbo.MemberData (memberid, username, gender, birthdate, phone, email, membercreationdate, country, city, region, street, postalcode) VALUES (131, N'homero paz', N'non-binary', N'2023-05-19', N'0999-515681', N'Julia.Monroy92@hotmail.com', null, null, null, null, null, null);
INSERT INTO BlackBeanSkinDB.dbo.MemberData (memberid, username, gender, birthdate, phone, email, membercreationdate, country, city, region, street, postalcode) VALUES (132, N'bernardo madrid', N'demiboy', N'2023-05-28', N'0974-727095', N'Silvia28@gmail.com', null, null, null, null, null, null);
INSERT INTO BlackBeanSkinDB.dbo.MemberData (memberid, username, gender, birthdate, phone, email, membercreationdate, country, city, region, street, postalcode) VALUES (133, N'josefina almonte', N'genderquee', N'2022-12-09', N'0918-203070', N'Julia.Rivera74@gmail.com', null, null, null, null, null, null);
INSERT INTO BlackBeanSkinDB.dbo.MemberData (memberid, username, gender, birthdate, phone, email, membercreationdate, country, city, region, street, postalcode) VALUES (134, N'marcela guajardo', N'genderflui', N'2022-10-23', N'0957-589181', N'Sara77@gmail.com', null, null, null, null, null, null);
INSERT INTO BlackBeanSkinDB.dbo.MemberData (memberid, username, gender, birthdate, phone, email, membercreationdate, country, city, region, street, postalcode) VALUES (135, N'ruben jimenez', N'bigender', N'2022-10-16', N'0946-977018', N'Antonio12@yahoo.com', null, null, null, null, null, null);
INSERT INTO BlackBeanSkinDB.dbo.MemberData (memberid, username, gender, birthdate, phone, email, membercreationdate, country, city, region, street, postalcode) VALUES (136, N'alfredo loera', N'genderquee', N'2022-09-02', N'0935-485156', N'Sancho32@gmail.com', null, null, null, null, null, null);
INSERT INTO BlackBeanSkinDB.dbo.MemberData (memberid, username, gender, birthdate, phone, email, membercreationdate, country, city, region, street, postalcode) VALUES (137, N'soledad longoria', N'bigender', N'2023-07-13', N'0944-286380', N'Mario.Fonseca25@yahoo.com', null, null, null, null, null, null);
INSERT INTO BlackBeanSkinDB.dbo.MemberData (memberid, username, gender, birthdate, phone, email, membercreationdate, country, city, region, street, postalcode) VALUES (138, N'mariadelcarmen palomo', N'bigender', N'2022-11-11', N'0927-370170', N'MaraLuisa_Valenzuela@gmail.com', null, null, null, null, null, null);
INSERT INTO BlackBeanSkinDB.dbo.MemberData (memberid, username, gender, birthdate, phone, email, membercreationdate, country, city, region, street, postalcode) VALUES (139, N'emilia nava', N'bigender', N'2023-07-23', N'0938-552202', N'Jernimo.Cabrera17@gmail.com', null, null, null, null, null, null);
INSERT INTO BlackBeanSkinDB.dbo.MemberData (memberid, username, gender, birthdate, phone, email, membercreationdate, country, city, region, street, postalcode) VALUES (140, N'joseeduardo deanda', N'genderflui', N'2023-06-29', N'0965-660041', N'Carla68@gmail.com', null, null, null, null, null, null);
INSERT INTO BlackBeanSkinDB.dbo.MemberData (memberid, username, gender, birthdate, phone, email, membercreationdate, country, city, region, street, postalcode) VALUES (141, N'florencia rocha', N'bigender', N'2023-02-02', N'0928-878118', N'Gregorio0@yahoo.com', null, null, null, null, null, null);
INSERT INTO BlackBeanSkinDB.dbo.MemberData (memberid, username, gender, birthdate, phone, email, membercreationdate, country, city, region, street, postalcode) VALUES (142, N'florencia salas', N'agender', N'2022-12-12', N'0954-525040', N'Carmen_Roque76@yahoo.com', null, null, null, null, null, null);
INSERT INTO BlackBeanSkinDB.dbo.MemberData (memberid, username, gender, birthdate, phone, email, membercreationdate, country, city, region, street, postalcode) VALUES (143, N'adela rodarte', N'agender', N'2023-04-19', N'0916-376570', N'Teresa71@gmail.com', null, null, null, null, null, null);
INSERT INTO BlackBeanSkinDB.dbo.MemberData (memberid, username, gender, birthdate, phone, email, membercreationdate, country, city, region, street, postalcode) VALUES (144, N'leticia haro', N'genderflui', N'2023-02-19', N'0942-876154', N'Adriana.Malave56@hotmail.com', null, null, null, null, null, null);
INSERT INTO BlackBeanSkinDB.dbo.MemberData (memberid, username, gender, birthdate, phone, email, membercreationdate, country, city, region, street, postalcode) VALUES (145, N'claudia riojas', N'demiboy', N'2023-06-24', N'0999-640371', N'scar_Njera27@gmail.com', null, null, null, null, null, null);
INSERT INTO BlackBeanSkinDB.dbo.MemberData (memberid, username, gender, birthdate, phone, email, membercreationdate, country, city, region, street, postalcode) VALUES (146, N'patricia mercado', N'agender', N'2023-03-10', N'0956-294695', N'Conchita29@gmail.com', null, null, null, null, null, null);
INSERT INTO BlackBeanSkinDB.dbo.MemberData (memberid, username, gender, birthdate, phone, email, membercreationdate, country, city, region, street, postalcode) VALUES (147, N'marisol alcantar', N'demiboy', N'2023-01-07', N'0927-818419', N'Salvador_Orta@yahoo.com', null, null, null, null, null, null);
INSERT INTO BlackBeanSkinDB.dbo.MemberData (memberid, username, gender, birthdate, phone, email, membercreationdate, country, city, region, street, postalcode) VALUES (148, N'ramiro villalobos', N'genderquee', N'2022-12-24', N'0940-182982', N'Miguelngel.Ramn30@yahoo.com', null, null, null, null, null, null);
INSERT INTO BlackBeanSkinDB.dbo.MemberData (memberid, username, gender, birthdate, phone, email, membercreationdate, country, city, region, street, postalcode) VALUES (149, N'julia arevalo', N'demigirl', N'2022-12-13', N'0992-984363', N'Gonzalo54@hotmail.com', null, null, null, null, null, null);
INSERT INTO BlackBeanSkinDB.dbo.MemberData (memberid, username, gender, birthdate, phone, email, membercreationdate, country, city, region, street, postalcode) VALUES (150, N'victoria florez', N'non-binary', N'2023-06-29', N'0974-891752', N'David_Becerra@hotmail.com', null, null, null, null, null, null);
INSERT INTO BlackBeanSkinDB.dbo.MemberData (memberid, username, gender, birthdate, phone, email, membercreationdate, country, city, region, street, postalcode) VALUES (151, N'cecilia ortiz', N'demigirl', N'2022-10-28', N'0983-718101', N'Ral_Lucero50@yahoo.com', null, null, null, null, null, null);
INSERT INTO BlackBeanSkinDB.dbo.MemberData (memberid, username, gender, birthdate, phone, email, membercreationdate, country, city, region, street, postalcode) VALUES (152, N'ruben galvez', N'bigender', N'2023-03-11', N'0915-124733', N'Jess4@yahoo.com', null, null, null, null, null, null);
INSERT INTO BlackBeanSkinDB.dbo.MemberData (memberid, username, gender, birthdate, phone, email, membercreationdate, country, city, region, street, postalcode) VALUES (153, N'olivia collazo', N'agender', N'2023-08-02', N'0927-768516', N'MaraEugenia_Moreno69@hotmail.com', null, null, null, null, null, null);
INSERT INTO BlackBeanSkinDB.dbo.MemberData (memberid, username, gender, birthdate, phone, email, membercreationdate, country, city, region, street, postalcode) VALUES (154, N'lorenzo delafuente', N'bigender', N'2023-07-04', N'0994-597899', N'Marcela83@hotmail.com', null, null, null, null, null, null);
INSERT INTO BlackBeanSkinDB.dbo.MemberData (memberid, username, gender, birthdate, phone, email, membercreationdate, country, city, region, street, postalcode) VALUES (155, N'agustin florez', N'genderflui', N'2022-10-01', N'0962-297007', N'Sofia20@hotmail.com', null, null, null, null, null, null);
INSERT INTO BlackBeanSkinDB.dbo.MemberData (memberid, username, gender, birthdate, phone, email, membercreationdate, country, city, region, street, postalcode) VALUES (156, N'oscar navarrete', N'demiboy', N'2023-04-08', N'0917-804877', N'Sara76@hotmail.com', null, null, null, null, null, null);
INSERT INTO BlackBeanSkinDB.dbo.MemberData (memberid, username, gender, birthdate, phone, email, membercreationdate, country, city, region, street, postalcode) VALUES (157, N'santiago escamilla', N'androgynou', N'2023-08-28', N'0961-655795', N'MaradelCarmen20@yahoo.com', null, null, null, null, null, null);
INSERT INTO BlackBeanSkinDB.dbo.MemberData (memberid, username, gender, birthdate, phone, email, membercreationdate, country, city, region, street, postalcode) VALUES (158, N'miguelangel vazquez', N'non-binary', N'2023-05-15', N'0915-579058', N'Alberto.Portillo6@yahoo.com', null, null, null, null, null, null);
INSERT INTO BlackBeanSkinDB.dbo.MemberData (memberid, username, gender, birthdate, phone, email, membercreationdate, country, city, region, street, postalcode) VALUES (159, N'clara baez', N'genderquee', N'2022-12-05', N'0954-873229', N'Vicente.Vigil13@yahoo.com', null, null, null, null, null, null);
INSERT INTO BlackBeanSkinDB.dbo.MemberData (memberid, username, gender, birthdate, phone, email, membercreationdate, country, city, region, street, postalcode) VALUES (160, N'antonio tirado', N'androgynou', N'2023-06-22', N'0932-826846', N'Rocio.Berros0@gmail.com', null, null, null, null, null, null);
INSERT INTO BlackBeanSkinDB.dbo.MemberData (memberid, username, gender, birthdate, phone, email, membercreationdate, country, city, region, street, postalcode) VALUES (161, N'raul nazario', N'genderflui', N'2023-01-13', N'0950-498794', N'Conchita29@yahoo.com', null, null, null, null, null, null);
INSERT INTO BlackBeanSkinDB.dbo.MemberData (memberid, username, gender, birthdate, phone, email, membercreationdate, country, city, region, street, postalcode) VALUES (162, N'marcoantonio velazquez', N'demigirl', N'2023-03-14', N'0983-491935', N'Vctor75@hotmail.com', null, null, null, null, null, null);
INSERT INTO BlackBeanSkinDB.dbo.MemberData (memberid, username, gender, birthdate, phone, email, membercreationdate, country, city, region, street, postalcode) VALUES (163, N'miguelangel orta', N'demiboy', N'2023-05-09', N'0923-405035', N'MaradelCarmen14@gmail.com', null, null, null, null, null, null);
INSERT INTO BlackBeanSkinDB.dbo.MemberData (memberid, username, gender, birthdate, phone, email, membercreationdate, country, city, region, street, postalcode) VALUES (164, N'claudio delacruz', N'neutrois', N'2023-03-12', N'0921-874104', N'Ignacio.Romero@yahoo.com', null, null, null, null, null, null);
INSERT INTO BlackBeanSkinDB.dbo.MemberData (memberid, username, gender, birthdate, phone, email, membercreationdate, country, city, region, street, postalcode) VALUES (165, N'antonio perea', N'androgynou', N'2023-07-08', N'0985-469043', N'Sancho88@gmail.com', null, null, null, null, null, null);
INSERT INTO BlackBeanSkinDB.dbo.MemberData (memberid, username, gender, birthdate, phone, email, membercreationdate, country, city, region, street, postalcode) VALUES (166, N'carolina escobedo', N'androgynou', N'2023-03-16', N'0982-976293', N'Francisco_Ibarra@yahoo.com', null, null, null, null, null, null);
INSERT INTO BlackBeanSkinDB.dbo.MemberData (memberid, username, gender, birthdate, phone, email, membercreationdate, country, city, region, street, postalcode) VALUES (167, N'martin valencia', N'demiboy', N'2023-01-31', N'0938-615906', N'Blanca.Portillo57@gmail.com', null, null, null, null, null, null);
INSERT INTO BlackBeanSkinDB.dbo.MemberData (memberid, username, gender, birthdate, phone, email, membercreationdate, country, city, region, street, postalcode) VALUES (168, N'mariano sauceda', N'androgynou', N'2023-01-16', N'0940-988884', N'Carlota60@hotmail.com', null, null, null, null, null, null);
INSERT INTO BlackBeanSkinDB.dbo.MemberData (memberid, username, gender, birthdate, phone, email, membercreationdate, country, city, region, street, postalcode) VALUES (169, N'german venegas', N'demiboy', N'2023-07-01', N'0968-813022', N'Elena51@gmail.com', null, null, null, null, null, null);
INSERT INTO BlackBeanSkinDB.dbo.MemberData (memberid, username, gender, birthdate, phone, email, membercreationdate, country, city, region, street, postalcode) VALUES (170, N'sara villareal', N'genderflui', N'2023-07-26', N'0931-137238', N'Rafael41@yahoo.com', null, null, null, null, null, null);
INSERT INTO BlackBeanSkinDB.dbo.MemberData (memberid, username, gender, birthdate, phone, email, membercreationdate, country, city, region, street, postalcode) VALUES (171, N'natalia chavarria', N'androgynou', N'2023-08-05', N'0966-142589', N'Gerardo.Guerra27@hotmail.com', null, null, null, null, null, null);
INSERT INTO BlackBeanSkinDB.dbo.MemberData (memberid, username, gender, birthdate, phone, email, membercreationdate, country, city, region, street, postalcode) VALUES (172, N'marisol suarez', N'bigender', N'2022-12-28', N'0948-781791', N'Graciela_Montero@gmail.com', null, null, null, null, null, null);
INSERT INTO BlackBeanSkinDB.dbo.MemberData (memberid, username, gender, birthdate, phone, email, membercreationdate, country, city, region, street, postalcode) VALUES (173, N'irene ulibarri', N'agender', N'2023-08-19', N'0949-394359', N'Concepcin_Godoy61@gmail.com', null, null, null, null, null, null);
INSERT INTO BlackBeanSkinDB.dbo.MemberData (memberid, username, gender, birthdate, phone, email, membercreationdate, country, city, region, street, postalcode) VALUES (174, N'esteban fuentes', N'non-binary', N'2022-11-03', N'0982-200955', N'Sara_Valles@yahoo.com', null, null, null, null, null, null);
INSERT INTO BlackBeanSkinDB.dbo.MemberData (memberid, username, gender, birthdate, phone, email, membercreationdate, country, city, region, street, postalcode) VALUES (175, N'mayte gastelum', N'demigirl', N'2023-05-20', N'0978-374962', N'MaraJos.Quinez61@hotmail.com', null, null, null, null, null, null);
INSERT INTO BlackBeanSkinDB.dbo.MemberData (memberid, username, gender, birthdate, phone, email, membercreationdate, country, city, region, street, postalcode) VALUES (176, N'estela villanueva', N'genderquee', N'2023-01-12', N'0912-517094', N'Lorenzo_Segovia84@gmail.com', null, null, null, null, null, null);
INSERT INTO BlackBeanSkinDB.dbo.MemberData (memberid, username, gender, birthdate, phone, email, membercreationdate, country, city, region, street, postalcode) VALUES (177, N'guillermo chavez', N'bigender', N'2023-01-07', N'0970-718610', N'Diego.Robles@hotmail.com', null, null, null, null, null, null);
INSERT INTO BlackBeanSkinDB.dbo.MemberData (memberid, username, gender, birthdate, phone, email, membercreationdate, country, city, region, street, postalcode) VALUES (178, N'luis jaquez', N'agender', N'2023-07-05', N'0943-349318', N'JosLuis.Jquez@gmail.com', null, null, null, null, null, null);
INSERT INTO BlackBeanSkinDB.dbo.MemberData (memberid, username, gender, birthdate, phone, email, membercreationdate, country, city, region, street, postalcode) VALUES (179, N'elsa cedillo', N'bigender', N'2022-12-07', N'0924-920509', N'Isabela_Rentera@yahoo.com', null, null, null, null, null, null);
INSERT INTO BlackBeanSkinDB.dbo.MemberData (memberid, username, gender, birthdate, phone, email, membercreationdate, country, city, region, street, postalcode) VALUES (180, N'cristina quezada', N'genderquee', N'2023-04-22', N'0998-517704', N'Guillermina87@yahoo.com', null, null, null, null, null, null);
INSERT INTO BlackBeanSkinDB.dbo.MemberData (memberid, username, gender, birthdate, phone, email, membercreationdate, country, city, region, street, postalcode) VALUES (181, N'rosa zepeda', N'androgynou', N'2023-06-30', N'0960-859628', N'Leonor85@yahoo.com', null, null, null, null, null, null);
INSERT INTO BlackBeanSkinDB.dbo.MemberData (memberid, username, gender, birthdate, phone, email, membercreationdate, country, city, region, street, postalcode) VALUES (182, N'teresa olivo', N'demiboy', N'2022-12-06', N'0917-543710', N'Pedro_Molina40@yahoo.com', null, null, null, null, null, null);
INSERT INTO BlackBeanSkinDB.dbo.MemberData (memberid, username, gender, birthdate, phone, email, membercreationdate, country, city, region, street, postalcode) VALUES (183, N'elisa jasso', N'demigirl', N'2023-02-14', N'0945-406689', N'Samuel63@hotmail.com', null, null, null, null, null, null);
INSERT INTO BlackBeanSkinDB.dbo.MemberData (memberid, username, gender, birthdate, phone, email, membercreationdate, country, city, region, street, postalcode) VALUES (184, N'luis botello', N'agender', N'2022-10-25', N'0977-325653', N'Berta_Seplveda86@hotmail.com', null, null, null, null, null, null);
INSERT INTO BlackBeanSkinDB.dbo.MemberData (memberid, username, gender, birthdate, phone, email, membercreationdate, country, city, region, street, postalcode) VALUES (185, N'marcela vanegas', N'agender', N'2023-05-10', N'0984-238681', N'Carlota_Carrion@gmail.com', null, null, null, null, null, null);
INSERT INTO BlackBeanSkinDB.dbo.MemberData (memberid, username, gender, birthdate, phone, email, membercreationdate, country, city, region, street, postalcode) VALUES (186, N'jaime esparza', N'non-binary', N'2023-04-17', N'0922-785583', N'Alicia_Delafuente@hotmail.com', null, null, null, null, null, null);
INSERT INTO BlackBeanSkinDB.dbo.MemberData (memberid, username, gender, birthdate, phone, email, membercreationdate, country, city, region, street, postalcode) VALUES (187, N'lola centeno', N'agender', N'2023-08-17', N'0964-964898', N'MaraJos_Jimnez26@hotmail.com', null, null, null, null, null, null);
INSERT INTO BlackBeanSkinDB.dbo.MemberData (memberid, username, gender, birthdate, phone, email, membercreationdate, country, city, region, street, postalcode) VALUES (188, N'manuel olivo', N'agender', N'2023-05-08', N'0981-600178', N'Irene54@hotmail.com', null, null, null, null, null, null);
INSERT INTO BlackBeanSkinDB.dbo.MemberData (memberid, username, gender, birthdate, phone, email, membercreationdate, country, city, region, street, postalcode) VALUES (189, N'isabel iglesias', N'demiboy', N'2022-11-12', N'0998-982542', N'Elena.Velasco50@gmail.com', null, null, null, null, null, null);
INSERT INTO BlackBeanSkinDB.dbo.MemberData (memberid, username, gender, birthdate, phone, email, membercreationdate, country, city, region, street, postalcode) VALUES (190, N'gonzalo armendariz', N'genderquee', N'2023-01-26', N'0958-907305', N'Salvador.Baca@yahoo.com', null, null, null, null, null, null);
INSERT INTO BlackBeanSkinDB.dbo.MemberData (memberid, username, gender, birthdate, phone, email, membercreationdate, country, city, region, street, postalcode) VALUES (191, N'mariajose romero', N'non-binary', N'2023-08-07', N'0915-740615', N'Miguelngel_Ruelas@gmail.com', null, null, null, null, null, null);
INSERT INTO BlackBeanSkinDB.dbo.MemberData (memberid, username, gender, birthdate, phone, email, membercreationdate, country, city, region, street, postalcode) VALUES (192, N'daniel alba', N'non-binary', N'2023-04-05', N'0937-671486', N'Andrea.Delacrz9@yahoo.com', null, null, null, null, null, null);
INSERT INTO BlackBeanSkinDB.dbo.MemberData (memberid, username, gender, birthdate, phone, email, membercreationdate, country, city, region, street, postalcode) VALUES (193, N'andres sauceda', N'demiboy', N'2023-01-18', N'0923-425209', N'Enrique_Trevio@yahoo.com', null, null, null, null, null, null);
INSERT INTO BlackBeanSkinDB.dbo.MemberData (memberid, username, gender, birthdate, phone, email, membercreationdate, country, city, region, street, postalcode) VALUES (194, N'andres casarez', N'bigender', N'2022-12-04', N'0997-294849', N'Homero_Ocampo@hotmail.com', null, null, null, null, null, null);
INSERT INTO BlackBeanSkinDB.dbo.MemberData (memberid, username, gender, birthdate, phone, email, membercreationdate, country, city, region, street, postalcode) VALUES (195, N'cesar laureano', N'non-binary', N'2023-07-01', N'0973-989244', N'Hernn.Melndez@gmail.com', null, null, null, null, null, null);
INSERT INTO BlackBeanSkinDB.dbo.MemberData (memberid, username, gender, birthdate, phone, email, membercreationdate, country, city, region, street, postalcode) VALUES (196, N'mayte ordonez', N'demiboy', N'2022-12-25', N'0967-940063', N'Joaqun0@hotmail.com', null, null, null, null, null, null);
INSERT INTO BlackBeanSkinDB.dbo.MemberData (memberid, username, gender, birthdate, phone, email, membercreationdate, country, city, region, street, postalcode) VALUES (197, N'ines corona', N'bigender', N'2023-07-28', N'0999-434168', N'Gilberto_Espinal70@gmail.com', null, null, null, null, null, null);
INSERT INTO BlackBeanSkinDB.dbo.MemberData (memberid, username, gender, birthdate, phone, email, membercreationdate, country, city, region, street, postalcode) VALUES (198, N'rodrigo bernal', N'demigirl', N'2022-11-09', N'0994-328248', N'Pablo.Mayorga@hotmail.com', null, null, null, null, null, null);
INSERT INTO BlackBeanSkinDB.dbo.MemberData (memberid, username, gender, birthdate, phone, email, membercreationdate, country, city, region, street, postalcode) VALUES (199, N'susana beltran', N'demiboy', N'2023-05-23', N'0979-503129', N'Luz88@gmail.com', null, null, null, null, null, null);
INSERT INTO BlackBeanSkinDB.dbo.MemberData (memberid, username, gender, birthdate, phone, email, membercreationdate, country, city, region, street, postalcode) VALUES (200, N'german verduzco', N'agender', N'2022-09-22', N'0966-413351', N'David_Delarosa@hotmail.com', null, null, null, null, null, null);
INSERT INTO BlackBeanSkinDB.dbo.ProductCategoryData (categoryid, categoryname, parentcategoryid) VALUES (1, N'電腦資訊', null);
INSERT INTO BlackBeanSkinDB.dbo.ProductCategoryData (categoryid, categoryname, parentcategoryid) VALUES (2, N'電腦周邊', null);
INSERT INTO BlackBeanSkinDB.dbo.ProductCategoryData (categoryid, categoryname, parentcategoryid) VALUES (3, N'行動通訊', null);
INSERT INTO BlackBeanSkinDB.dbo.ProductCategoryData (categoryid, categoryname, parentcategoryid) VALUES (4, N'大型家電', null);
INSERT INTO BlackBeanSkinDB.dbo.ProductCategoryData (categoryid, categoryname, parentcategoryid) VALUES (5, N'小型家電', null);
INSERT INTO BlackBeanSkinDB.dbo.ProductCategoryData (categoryid, categoryname, parentcategoryid) VALUES (6, N'視聽娛樂', null);
INSERT INTO BlackBeanSkinDB.dbo.ProductCategoryData (categoryid, categoryname, parentcategoryid) VALUES (7, N'辦公耗材', null);
INSERT INTO BlackBeanSkinDB.dbo.ProductCategoryData (categoryid, categoryname, parentcategoryid) VALUES (8, N'筆記型電腦', 1);
INSERT INTO BlackBeanSkinDB.dbo.ProductCategoryData (categoryid, categoryname, parentcategoryid) VALUES (9, N'主機板', 1);
INSERT INTO BlackBeanSkinDB.dbo.ProductCategoryData (categoryid, categoryname, parentcategoryid) VALUES (10, N'記憶體', 1);
INSERT INTO BlackBeanSkinDB.dbo.ProductCategoryData (categoryid, categoryname, parentcategoryid) VALUES (11, N'光碟機', 1);
INSERT INTO BlackBeanSkinDB.dbo.ProductCategoryData (categoryid, categoryname, parentcategoryid) VALUES (12, N'機殼 散熱風扇', 1);
INSERT INTO BlackBeanSkinDB.dbo.ProductCategoryData (categoryid, categoryname, parentcategoryid) VALUES (13, N'外接擴充', 2);
INSERT INTO BlackBeanSkinDB.dbo.ProductCategoryData (categoryid, categoryname, parentcategoryid) VALUES (14, N'鍵盤滑鼠電競周邊', 2);
INSERT INTO BlackBeanSkinDB.dbo.ProductCategoryData (categoryid, categoryname, parentcategoryid) VALUES (15, N'顯示卡', 1);
INSERT INTO BlackBeanSkinDB.dbo.ProductCategoryData (categoryid, categoryname, parentcategoryid) VALUES (16, N'硬碟_SSD', 1);
INSERT INTO BlackBeanSkinDB.dbo.ProductCategoryData (categoryid, categoryname, parentcategoryid) VALUES (17, N'桌上型電腦', 1);
INSERT INTO BlackBeanSkinDB.dbo.ProductCategoryData (categoryid, categoryname, parentcategoryid) VALUES (18, N'電供_線材', 1);
INSERT INTO BlackBeanSkinDB.dbo.ProductCategoryData (categoryid, categoryname, parentcategoryid) VALUES (19, N'軟體', 1);
INSERT INTO BlackBeanSkinDB.dbo.ProductCategoryData (categoryid, categoryname, parentcategoryid) VALUES (20, N'外接擴充', 2);
INSERT INTO BlackBeanSkinDB.dbo.ProductCategoryData (categoryid, categoryname, parentcategoryid) VALUES (21, N'鍵鼠週邊', 2);
INSERT INTO BlackBeanSkinDB.dbo.ProductCategoryData (categoryid, categoryname, parentcategoryid) VALUES (22, N'線材_接頭', 2);
INSERT INTO BlackBeanSkinDB.dbo.ProductCategoryData (categoryid, categoryname, parentcategoryid) VALUES (23, N'列印掃描', 2);
INSERT INTO BlackBeanSkinDB.dbo.ProductCategoryData (categoryid, categoryname, parentcategoryid) VALUES (24, N'電腦耳機_喇叭', 2);
INSERT INTO BlackBeanSkinDB.dbo.ProductCategoryData (categoryid, categoryname, parentcategoryid) VALUES (25, N'影像輸入裝置', 2);
INSERT INTO BlackBeanSkinDB.dbo.ProductCategoryData (categoryid, categoryname, parentcategoryid) VALUES (26, N'儲存裝置', 2);
INSERT INTO BlackBeanSkinDB.dbo.ProductCategoryData (categoryid, categoryname, parentcategoryid) VALUES (27, N'電源周邊', 2);
INSERT INTO BlackBeanSkinDB.dbo.ProductCategoryData (categoryid, categoryname, parentcategoryid) VALUES (28, N'網路裝置', 2);
INSERT INTO BlackBeanSkinDB.dbo.ProductCategoryData (categoryid, categoryname, parentcategoryid) VALUES (29, N'耳機_喇叭', 3);
INSERT INTO BlackBeanSkinDB.dbo.ProductCategoryData (categoryid, categoryname, parentcategoryid) VALUES (30, N'行動電源_手機配件', 3);
INSERT INTO BlackBeanSkinDB.dbo.ProductCategoryData (categoryid, categoryname, parentcategoryid) VALUES (31, N'相機配件', 3);
INSERT INTO BlackBeanSkinDB.dbo.ProductCategoryData (categoryid, categoryname, parentcategoryid) VALUES (32, N'行車導航', 3);
INSERT INTO BlackBeanSkinDB.dbo.ProductCategoryData (categoryid, categoryname, parentcategoryid) VALUES (33, N'手機', 3);
INSERT INTO BlackBeanSkinDB.dbo.ProductCategoryData (categoryid, categoryname, parentcategoryid) VALUES (34, N'相機_攝影', 3);
INSERT INTO BlackBeanSkinDB.dbo.ProductCategoryData (categoryid, categoryname, parentcategoryid) VALUES (35, N'穿戴裝置', 3);
INSERT INTO BlackBeanSkinDB.dbo.ProductCategoryData (categoryid, categoryname, parentcategoryid) VALUES (36, N'平板電腦', 3);
INSERT INTO BlackBeanSkinDB.dbo.ProductCategoryData (categoryid, categoryname, parentcategoryid) VALUES (37, N'洗衣機', 4);
INSERT INTO BlackBeanSkinDB.dbo.ProductCategoryData (categoryid, categoryname, parentcategoryid) VALUES (38, N'乾衣機', 4);
INSERT INTO BlackBeanSkinDB.dbo.ProductCategoryData (categoryid, categoryname, parentcategoryid) VALUES (39, N'冷氣', 4);
INSERT INTO BlackBeanSkinDB.dbo.ProductCategoryData (categoryid, categoryname, parentcategoryid) VALUES (40, N'冰箱', 4);
INSERT INTO BlackBeanSkinDB.dbo.ProductCategoryData (categoryid, categoryname, parentcategoryid) VALUES (41, N'生活家電', 5);
INSERT INTO BlackBeanSkinDB.dbo.ProductCategoryData (categoryid, categoryname, parentcategoryid) VALUES (42, N'廚房家電', 5);
INSERT INTO BlackBeanSkinDB.dbo.ProductCategoryData (categoryid, categoryname, parentcategoryid) VALUES (43, N'健康家電', 5);
INSERT INTO BlackBeanSkinDB.dbo.ProductCategoryData (categoryid, categoryname, parentcategoryid) VALUES (44, N'季節家電', 5);
INSERT INTO BlackBeanSkinDB.dbo.ProductCategoryData (categoryid, categoryname, parentcategoryid) VALUES (45, N'烹調家電', 5);
INSERT INTO BlackBeanSkinDB.dbo.ProductCategoryData (categoryid, categoryname, parentcategoryid) VALUES (46, N'家電配備', 5);
INSERT INTO BlackBeanSkinDB.dbo.ProductCategoryData (categoryid, categoryname, parentcategoryid) VALUES (47, N'音樂_錄音', 6);
INSERT INTO BlackBeanSkinDB.dbo.ProductCategoryData (categoryid, categoryname, parentcategoryid) VALUES (48, N'電視配件', 6);
INSERT INTO BlackBeanSkinDB.dbo.ProductCategoryData (categoryid, categoryname, parentcategoryid) VALUES (49, N'電視遊樂器', 6);
INSERT INTO BlackBeanSkinDB.dbo.ProductCategoryData (categoryid, categoryname, parentcategoryid) VALUES (50, N'喇叭音響', 6);
INSERT INTO BlackBeanSkinDB.dbo.ProductCategoryData (categoryid, categoryname, parentcategoryid) VALUES (51, N'液晶電視', 6);
INSERT INTO BlackBeanSkinDB.dbo.ProductCategoryData (categoryid, categoryname, parentcategoryid) VALUES (52, N'投影機周邊', 6);
INSERT INTO BlackBeanSkinDB.dbo.ProductCategoryData (categoryid, categoryname, parentcategoryid) VALUES (53, N'視聽播放', 6);
INSERT INTO BlackBeanSkinDB.dbo.ProductCategoryData (categoryid, categoryname, parentcategoryid) VALUES (54, N'視聽配件', 6);
INSERT INTO BlackBeanSkinDB.dbo.ProductCategoryData (categoryid, categoryname, parentcategoryid) VALUES (55, N'墨水碳粉色帶', 7);
INSERT INTO BlackBeanSkinDB.dbo.ProductCategoryData (categoryid, categoryname, parentcategoryid) VALUES (56, N'光碟片', 7);
INSERT INTO BlackBeanSkinDB.dbo.ProductCategoryData (categoryid, categoryname, parentcategoryid) VALUES (57, N'工具', 7);
INSERT INTO BlackBeanSkinDB.dbo.ProductCategoryData (categoryid, categoryname, parentcategoryid) VALUES (58, N'紙材', 7);
INSERT INTO BlackBeanSkinDB.dbo.ProductCategoryData (categoryid, categoryname, parentcategoryid) VALUES (59, N'辦公OA設備', 7);


INSERT INTO BlackBeanSkinDB.dbo.ProductBasicData (productid, sellermemberid, productname, price, specialprice, categoryid, productdetailid, quantity, description) VALUES (301, 180, N'Small Plastic Salad', 640.00, 588.80, 48, null, null, null);
INSERT INTO BlackBeanSkinDB.dbo.ProductBasicData (productid, sellermemberid, productname, price, specialprice, categoryid, productdetailid, quantity, description) VALUES (302, 180, N'Practical Cotton Pizza', 90.00, 69.30, 45, null, null, null);
INSERT INTO BlackBeanSkinDB.dbo.ProductBasicData (productid, sellermemberid, productname, price, specialprice, categoryid, productdetailid, quantity, description) VALUES (303, 6, N'Awesome Concrete Shirt', 747.00, 702.18, 44, null, null, null);
INSERT INTO BlackBeanSkinDB.dbo.ProductBasicData (productid, sellermemberid, productname, price, specialprice, categoryid, productdetailid, quantity, description) VALUES (304, 180, N'Handmade Granite Chips', 837.00, 686.34, 45, null, null, null);
INSERT INTO BlackBeanSkinDB.dbo.ProductBasicData (productid, sellermemberid, productname, price, specialprice, categoryid, productdetailid, quantity, description) VALUES (305, 116, N'Practical Plastic Gloves', 172.00, 132.44, 23, null, null, null);
INSERT INTO BlackBeanSkinDB.dbo.ProductBasicData (productid, sellermemberid, productname, price, specialprice, categoryid, productdetailid, quantity, description) VALUES (306, 7, N'Fantastic Fresh Shirt', 391.00, 359.72, 8, null, null, null);
INSERT INTO BlackBeanSkinDB.dbo.ProductBasicData (productid, sellermemberid, productname, price, specialprice, categoryid, productdetailid, quantity, description) VALUES (307, 31, N'Gorgeous Metal Towels', 803.00, 674.52, 52, null, null, null);
INSERT INTO BlackBeanSkinDB.dbo.ProductBasicData (productid, sellermemberid, productname, price, specialprice, categoryid, productdetailid, quantity, description) VALUES (308, 83, N'Practical Soft Keyboard', 65.00, 48.10, 22, null, null, null);
INSERT INTO BlackBeanSkinDB.dbo.ProductBasicData (productid, sellermemberid, productname, price, specialprice, categoryid, productdetailid, quantity, description) VALUES (309, 34, N'Incredible Metal Mouse', 930.00, 753.30, 45, null, null, null);
INSERT INTO BlackBeanSkinDB.dbo.ProductBasicData (productid, sellermemberid, productname, price, specialprice, categoryid, productdetailid, quantity, description) VALUES (310, 138, N'Refined Granite Computer', 437.00, 406.41, 44, null, null, null);
INSERT INTO BlackBeanSkinDB.dbo.ProductBasicData (productid, sellermemberid, productname, price, specialprice, categoryid, productdetailid, quantity, description) VALUES (311, 89, N'Rustic Rubber Pizza', 258.00, 234.78, 13, null, null, null);
INSERT INTO BlackBeanSkinDB.dbo.ProductBasicData (productid, sellermemberid, productname, price, specialprice, categoryid, productdetailid, quantity, description) VALUES (312, 57, N'Small Granite Fish', 115.00, 86.25, 59, null, null, null);
INSERT INTO BlackBeanSkinDB.dbo.ProductBasicData (productid, sellermemberid, productname, price, specialprice, categoryid, productdetailid, quantity, description) VALUES (313, 83, N'Sleek Plastic Pizza', 10.00, 9.30, 12, null, null, null);
INSERT INTO BlackBeanSkinDB.dbo.ProductBasicData (productid, sellermemberid, productname, price, specialprice, categoryid, productdetailid, quantity, description) VALUES (314, 9, N'Small Rubber Shirt', 21.00, 14.70, 44, null, null, null);
INSERT INTO BlackBeanSkinDB.dbo.ProductBasicData (productid, sellermemberid, productname, price, specialprice, categoryid, productdetailid, quantity, description) VALUES (315, 32, N'Sleek Frozen Pants', 429.00, 343.20, 37, null, null, null);
INSERT INTO BlackBeanSkinDB.dbo.ProductBasicData (productid, sellermemberid, productname, price, specialprice, categoryid, productdetailid, quantity, description) VALUES (316, 158, N'Sleek Steel Chair', 963.00, 674.10, 18, null, null, null);
INSERT INTO BlackBeanSkinDB.dbo.ProductBasicData (productid, sellermemberid, productname, price, specialprice, categoryid, productdetailid, quantity, description) VALUES (317, 9, N'Ergonomic Fresh Soap', 860.00, 774.00, 13, null, null, null);
INSERT INTO BlackBeanSkinDB.dbo.ProductBasicData (productid, sellermemberid, productname, price, specialprice, categoryid, productdetailid, quantity, description) VALUES (318, 61, N'Tasty Plastic Keyboard', 747.00, 537.84, 21, null, null, null);
INSERT INTO BlackBeanSkinDB.dbo.ProductBasicData (productid, sellermemberid, productname, price, specialprice, categoryid, productdetailid, quantity, description) VALUES (319, 115, N'Ergonomic Metal Cheese', 257.00, 228.73, 24, null, null, null);
INSERT INTO BlackBeanSkinDB.dbo.ProductBasicData (productid, sellermemberid, productname, price, specialprice, categoryid, productdetailid, quantity, description) VALUES (320, 147, N'Rustic Fresh Soap', 285.00, 239.40, 41, null, null, null);
INSERT INTO BlackBeanSkinDB.dbo.ProductBasicData (productid, sellermemberid, productname, price, specialprice, categoryid, productdetailid, quantity, description) VALUES (321, 130, N'Sleek Granite Bike', 863.00, 707.66, 32, null, null, null);
INSERT INTO BlackBeanSkinDB.dbo.ProductBasicData (productid, sellermemberid, productname, price, specialprice, categoryid, productdetailid, quantity, description) VALUES (322, 114, N'Sleek Frozen Bike', 454.00, 413.14, 37, null, null, null);
INSERT INTO BlackBeanSkinDB.dbo.ProductBasicData (productid, sellermemberid, productname, price, specialprice, categoryid, productdetailid, quantity, description) VALUES (323, 154, N'Incredible Fresh Sausages', 228.00, 186.96, 42, null, null, null);
INSERT INTO BlackBeanSkinDB.dbo.ProductBasicData (productid, sellermemberid, productname, price, specialprice, categoryid, productdetailid, quantity, description) VALUES (324, 12, N'Unbranded Rubber Tuna', 617.00, 512.11, 8, null, null, null);
INSERT INTO BlackBeanSkinDB.dbo.ProductBasicData (productid, sellermemberid, productname, price, specialprice, categoryid, productdetailid, quantity, description) VALUES (325, 190, N'Unbranded Rubber Towels', 203.00, 180.67, 53, null, null, null);
INSERT INTO BlackBeanSkinDB.dbo.ProductBasicData (productid, sellermemberid, productname, price, specialprice, categoryid, productdetailid, quantity, description) VALUES (326, 64, N'Intelligent Cotton Towels', 899.00, 809.10, 30, null, null, null);
INSERT INTO BlackBeanSkinDB.dbo.ProductBasicData (productid, sellermemberid, productname, price, specialprice, categoryid, productdetailid, quantity, description) VALUES (327, 71, N'Fantastic Fresh Tuna', 137.00, 127.41, 32, null, null, null);
INSERT INTO BlackBeanSkinDB.dbo.ProductBasicData (productid, sellermemberid, productname, price, specialprice, categoryid, productdetailid, quantity, description) VALUES (328, 3, N'Practical Frozen Bike', 799.00, 695.13, 11, null, null, null);
INSERT INTO BlackBeanSkinDB.dbo.ProductBasicData (productid, sellermemberid, productname, price, specialprice, categoryid, productdetailid, quantity, description) VALUES (329, 36, N'Practical Rubber Gloves', 521.00, 453.27, 46, null, null, null);
INSERT INTO BlackBeanSkinDB.dbo.ProductBasicData (productid, sellermemberid, productname, price, specialprice, categoryid, productdetailid, quantity, description) VALUES (330, 150, N'Tasty Plastic Soap', 218.00, 174.40, 57, null, null, null);
INSERT INTO BlackBeanSkinDB.dbo.ProductBasicData (productid, sellermemberid, productname, price, specialprice, categoryid, productdetailid, quantity, description) VALUES (331, 126, N'Incredible Fresh Shoes', 66.00, 59.40, 17, null, null, null);
INSERT INTO BlackBeanSkinDB.dbo.ProductBasicData (productid, sellermemberid, productname, price, specialprice, categoryid, productdetailid, quantity, description) VALUES (332, 20, N'Unbranded Wooden Tuna', 636.00, 572.40, 46, null, null, null);
INSERT INTO BlackBeanSkinDB.dbo.ProductBasicData (productid, sellermemberid, productname, price, specialprice, categoryid, productdetailid, quantity, description) VALUES (333, 25, N'Intelligent Soft Ball', 304.00, 273.60, 44, null, null, null);
INSERT INTO BlackBeanSkinDB.dbo.ProductBasicData (productid, sellermemberid, productname, price, specialprice, categoryid, productdetailid, quantity, description) VALUES (334, 73, N'Unbranded Plastic Ball', 268.00, 206.36, 34, null, null, null);
INSERT INTO BlackBeanSkinDB.dbo.ProductBasicData (productid, sellermemberid, productname, price, specialprice, categoryid, productdetailid, quantity, description) VALUES (335, 3, N'Fantastic Metal Mouse', 614.00, 442.08, 37, null, null, null);
INSERT INTO BlackBeanSkinDB.dbo.ProductBasicData (productid, sellermemberid, productname, price, specialprice, categoryid, productdetailid, quantity, description) VALUES (336, 199, N'Rustic Frozen Pants', 91.00, 69.16, 44, null, null, null);
INSERT INTO BlackBeanSkinDB.dbo.ProductBasicData (productid, sellermemberid, productname, price, specialprice, categoryid, productdetailid, quantity, description) VALUES (337, 1, N'Sleek Granite Pizza', 370.00, 336.70, 27, null, null, null);
INSERT INTO BlackBeanSkinDB.dbo.ProductBasicData (productid, sellermemberid, productname, price, specialprice, categoryid, productdetailid, quantity, description) VALUES (338, 45, N'Handmade Frozen Tuna', 865.00, 752.55, 17, null, null, null);
INSERT INTO BlackBeanSkinDB.dbo.ProductBasicData (productid, sellermemberid, productname, price, specialprice, categoryid, productdetailid, quantity, description) VALUES (339, 51, N'Ergonomic Concrete Bacon', 571.00, 445.38, 51, null, null, null);
INSERT INTO BlackBeanSkinDB.dbo.ProductBasicData (productid, sellermemberid, productname, price, specialprice, categoryid, productdetailid, quantity, description) VALUES (340, 5, N'Refined Fresh Hat', 490.00, 421.40, 32, null, null, null);
INSERT INTO BlackBeanSkinDB.dbo.ProductBasicData (productid, sellermemberid, productname, price, specialprice, categoryid, productdetailid, quantity, description) VALUES (341, 153, N'Handmade Fresh Pizza', 26.00, 20.80, 29, null, null, null);
INSERT INTO BlackBeanSkinDB.dbo.ProductBasicData (productid, sellermemberid, productname, price, specialprice, categoryid, productdetailid, quantity, description) VALUES (342, 182, N'Gorgeous Metal Hat', 389.00, 361.77, 22, null, null, null);
INSERT INTO BlackBeanSkinDB.dbo.ProductBasicData (productid, sellermemberid, productname, price, specialprice, categoryid, productdetailid, quantity, description) VALUES (343, 166, N'Generic Granite Shoes', 51.00, 42.84, 24, null, null, null);
INSERT INTO BlackBeanSkinDB.dbo.ProductBasicData (productid, sellermemberid, productname, price, specialprice, categoryid, productdetailid, quantity, description) VALUES (344, 24, N'Intelligent Cotton Pants', 856.00, 744.72, 15, null, null, null);
INSERT INTO BlackBeanSkinDB.dbo.ProductBasicData (productid, sellermemberid, productname, price, specialprice, categoryid, productdetailid, quantity, description) VALUES (345, 112, N'Gorgeous Wooden Shoes', 690.00, 600.30, 44, null, null, null);
INSERT INTO BlackBeanSkinDB.dbo.ProductBasicData (productid, sellermemberid, productname, price, specialprice, categoryid, productdetailid, quantity, description) VALUES (346, 120, N'Small Fresh Chicken', 911.00, 792.57, 54, null, null, null);
INSERT INTO BlackBeanSkinDB.dbo.ProductBasicData (productid, sellermemberid, productname, price, specialprice, categoryid, productdetailid, quantity, description) VALUES (347, 139, N'Intelligent Frozen Computer', 817.00, 596.41, 38, null, null, null);
INSERT INTO BlackBeanSkinDB.dbo.ProductBasicData (productid, sellermemberid, productname, price, specialprice, categoryid, productdetailid, quantity, description) VALUES (348, 55, N'Fantastic Granite Chair', 628.00, 552.64, 17, null, null, null);
INSERT INTO BlackBeanSkinDB.dbo.ProductBasicData (productid, sellermemberid, productname, price, specialprice, categoryid, productdetailid, quantity, description) VALUES (349, 145, N'Handcrafted Steel Computer', 649.00, 590.59, 13, null, null, null);
INSERT INTO BlackBeanSkinDB.dbo.ProductBasicData (productid, sellermemberid, productname, price, specialprice, categoryid, productdetailid, quantity, description) VALUES (350, 132, N'Incredible Steel Chips', 287.00, 255.43, 42, null, null, null);
INSERT INTO BlackBeanSkinDB.dbo.ProductBasicData (productid, sellermemberid, productname, price, specialprice, categoryid, productdetailid, quantity, description) VALUES (351, 113, N'Ergonomic Plastic Cheese', 493.00, 443.70, 55, null, null, null);
INSERT INTO BlackBeanSkinDB.dbo.ProductBasicData (productid, sellermemberid, productname, price, specialprice, categoryid, productdetailid, quantity, description) VALUES (352, 41, N'Generic Concrete Towels', 238.00, 188.02, 13, null, null, null);
INSERT INTO BlackBeanSkinDB.dbo.ProductBasicData (productid, sellermemberid, productname, price, specialprice, categoryid, productdetailid, quantity, description) VALUES (353, 40, N'Refined Cotton Chair', 945.00, 841.05, 33, null, null, null);
INSERT INTO BlackBeanSkinDB.dbo.ProductBasicData (productid, sellermemberid, productname, price, specialprice, categoryid, productdetailid, quantity, description) VALUES (354, 109, N'Sleek Fresh Shirt', 316.00, 271.76, 22, null, null, null);
INSERT INTO BlackBeanSkinDB.dbo.ProductBasicData (productid, sellermemberid, productname, price, specialprice, categoryid, productdetailid, quantity, description) VALUES (355, 144, N'Tasty Soft Pizza', 181.00, 133.94, 51, null, null, null);
INSERT INTO BlackBeanSkinDB.dbo.ProductBasicData (productid, sellermemberid, productname, price, specialprice, categoryid, productdetailid, quantity, description) VALUES (356, 141, N'Handcrafted Soft Hat', 629.00, 559.81, 35, null, null, null);
INSERT INTO BlackBeanSkinDB.dbo.ProductBasicData (productid, sellermemberid, productname, price, specialprice, categoryid, productdetailid, quantity, description) VALUES (357, 26, N'Unbranded Fresh Salad', 178.00, 142.40, 46, null, null, null);
INSERT INTO BlackBeanSkinDB.dbo.ProductBasicData (productid, sellermemberid, productname, price, specialprice, categoryid, productdetailid, quantity, description) VALUES (358, 120, N'Refined Rubber Cheese', 636.00, 546.96, 39, null, null, null);
INSERT INTO BlackBeanSkinDB.dbo.ProductBasicData (productid, sellermemberid, productname, price, specialprice, categoryid, productdetailid, quantity, description) VALUES (359, 18, N'Sleek Fresh Soap', 920.00, 726.80, 35, null, null, null);
INSERT INTO BlackBeanSkinDB.dbo.ProductBasicData (productid, sellermemberid, productname, price, specialprice, categoryid, productdetailid, quantity, description) VALUES (360, 180, N'Handmade Rubber Table', 749.00, 666.61, 30, null, null, null);
INSERT INTO BlackBeanSkinDB.dbo.ProductBasicData (productid, sellermemberid, productname, price, specialprice, categoryid, productdetailid, quantity, description) VALUES (361, 160, N'Gorgeous Plastic Gloves', 842.00, 707.28, 43, null, null, null);
INSERT INTO BlackBeanSkinDB.dbo.ProductBasicData (productid, sellermemberid, productname, price, specialprice, categoryid, productdetailid, quantity, description) VALUES (362, 133, N'Sleek Fresh Pants', 537.00, 392.01, 28, null, null, null);
INSERT INTO BlackBeanSkinDB.dbo.ProductBasicData (productid, sellermemberid, productname, price, specialprice, categoryid, productdetailid, quantity, description) VALUES (363, 57, N'Tasty Concrete Hat', 476.00, 347.48, 59, null, null, null);
INSERT INTO BlackBeanSkinDB.dbo.ProductBasicData (productid, sellermemberid, productname, price, specialprice, categoryid, productdetailid, quantity, description) VALUES (364, 166, N'Tasty Wooden Shoes', 223.00, 158.33, 28, null, null, null);
INSERT INTO BlackBeanSkinDB.dbo.ProductBasicData (productid, sellermemberid, productname, price, specialprice, categoryid, productdetailid, quantity, description) VALUES (365, 41, N'Refined Metal Bacon', 406.00, 357.28, 19, null, null, null);
INSERT INTO BlackBeanSkinDB.dbo.ProductBasicData (productid, sellermemberid, productname, price, specialprice, categoryid, productdetailid, quantity, description) VALUES (366, 95, N'Generic Granite Ball', 421.00, 353.64, 49, null, null, null);
INSERT INTO BlackBeanSkinDB.dbo.ProductBasicData (productid, sellermemberid, productname, price, specialprice, categoryid, productdetailid, quantity, description) VALUES (367, 130, N'Rustic Cotton Bacon', 193.00, 162.12, 32, null, null, null);
INSERT INTO BlackBeanSkinDB.dbo.ProductBasicData (productid, sellermemberid, productname, price, specialprice, categoryid, productdetailid, quantity, description) VALUES (368, 165, N'Rustic Steel Hat', 380.00, 285.00, 29, null, null, null);
INSERT INTO BlackBeanSkinDB.dbo.ProductBasicData (productid, sellermemberid, productname, price, specialprice, categoryid, productdetailid, quantity, description) VALUES (369, 183, N'Fantastic Rubber Pizza', 363.00, 268.62, 54, null, null, null);
INSERT INTO BlackBeanSkinDB.dbo.ProductBasicData (productid, sellermemberid, productname, price, specialprice, categoryid, productdetailid, quantity, description) VALUES (370, 88, N'Licensed Concrete Shoes', 431.00, 400.83, 27, null, null, null);
INSERT INTO BlackBeanSkinDB.dbo.ProductBasicData (productid, sellermemberid, productname, price, specialprice, categoryid, productdetailid, quantity, description) VALUES (371, 47, N'Refined Soft Bike', 253.00, 189.75, 59, null, null, null);
INSERT INTO BlackBeanSkinDB.dbo.ProductBasicData (productid, sellermemberid, productname, price, specialprice, categoryid, productdetailid, quantity, description) VALUES (372, 57, N'Rustic Steel Keyboard', 918.00, 734.40, 26, null, null, null);
INSERT INTO BlackBeanSkinDB.dbo.ProductBasicData (productid, sellermemberid, productname, price, specialprice, categoryid, productdetailid, quantity, description) VALUES (373, 71, N'Tasty Fresh Towels', 470.00, 371.30, 27, null, null, null);
INSERT INTO BlackBeanSkinDB.dbo.ProductBasicData (productid, sellermemberid, productname, price, specialprice, categoryid, productdetailid, quantity, description) VALUES (374, 174, N'Handcrafted Soft Mouse', 771.00, 616.80, 14, null, null, null);
INSERT INTO BlackBeanSkinDB.dbo.ProductBasicData (productid, sellermemberid, productname, price, specialprice, categoryid, productdetailid, quantity, description) VALUES (375, 120, N'Sleek Rubber Cheese', 870.00, 722.10, 24, null, null, null);
INSERT INTO BlackBeanSkinDB.dbo.ProductBasicData (productid, sellermemberid, productname, price, specialprice, categoryid, productdetailid, quantity, description) VALUES (376, 132, N'Refined Plastic Towels', 262.00, 214.84, 35, null, null, null);
INSERT INTO BlackBeanSkinDB.dbo.ProductBasicData (productid, sellermemberid, productname, price, specialprice, categoryid, productdetailid, quantity, description) VALUES (377, 117, N'Tasty Concrete Pizza', 181.00, 171.95, 30, null, null, null);
INSERT INTO BlackBeanSkinDB.dbo.ProductBasicData (productid, sellermemberid, productname, price, specialprice, categoryid, productdetailid, quantity, description) VALUES (378, 118, N'Gorgeous Cotton Salad', 899.00, 701.22, 58, null, null, null);
INSERT INTO BlackBeanSkinDB.dbo.ProductBasicData (productid, sellermemberid, productname, price, specialprice, categoryid, productdetailid, quantity, description) VALUES (379, 20, N'Intelligent Plastic Salad', 570.00, 410.40, 34, null, null, null);
INSERT INTO BlackBeanSkinDB.dbo.ProductBasicData (productid, sellermemberid, productname, price, specialprice, categoryid, productdetailid, quantity, description) VALUES (380, 22, N'Handmade Steel Ball', 813.00, 682.92, 29, null, null, null);
INSERT INTO BlackBeanSkinDB.dbo.ProductBasicData (productid, sellermemberid, productname, price, specialprice, categoryid, productdetailid, quantity, description) VALUES (381, 147, N'Handmade Soft Hat', 581.00, 412.51, 57, null, null, null);
INSERT INTO BlackBeanSkinDB.dbo.ProductBasicData (productid, sellermemberid, productname, price, specialprice, categoryid, productdetailid, quantity, description) VALUES (382, 23, N'Gorgeous Frozen Computer', 307.00, 239.46, 58, null, null, null);
INSERT INTO BlackBeanSkinDB.dbo.ProductBasicData (productid, sellermemberid, productname, price, specialprice, categoryid, productdetailid, quantity, description) VALUES (383, 104, N'Unbranded Fresh Mouse', 237.00, 189.60, 57, null, null, null);
INSERT INTO BlackBeanSkinDB.dbo.ProductBasicData (productid, sellermemberid, productname, price, specialprice, categoryid, productdetailid, quantity, description) VALUES (384, 169, N'Handmade Steel Fish', 25.00, 19.75, 10, null, null, null);
INSERT INTO BlackBeanSkinDB.dbo.ProductBasicData (productid, sellermemberid, productname, price, specialprice, categoryid, productdetailid, quantity, description) VALUES (385, 73, N'Generic Soft Soap', 179.00, 162.89, 9, null, null, null);
INSERT INTO BlackBeanSkinDB.dbo.ProductBasicData (productid, sellermemberid, productname, price, specialprice, categoryid, productdetailid, quantity, description) VALUES (386, 80, N'Tasty Plastic Chair', 214.00, 203.30, 35, null, null, null);
INSERT INTO BlackBeanSkinDB.dbo.ProductBasicData (productid, sellermemberid, productname, price, specialprice, categoryid, productdetailid, quantity, description) VALUES (387, 52, N'Incredible Soft Mouse', 422.00, 320.72, 35, null, null, null);
INSERT INTO BlackBeanSkinDB.dbo.ProductBasicData (productid, sellermemberid, productname, price, specialprice, categoryid, productdetailid, quantity, description) VALUES (388, 160, N'Awesome Fresh Hat', 363.00, 315.81, 23, null, null, null);
INSERT INTO BlackBeanSkinDB.dbo.ProductBasicData (productid, sellermemberid, productname, price, specialprice, categoryid, productdetailid, quantity, description) VALUES (389, 105, N'Unbranded Steel Shoes', 790.00, 600.40, 21, null, null, null);
INSERT INTO BlackBeanSkinDB.dbo.ProductBasicData (productid, sellermemberid, productname, price, specialprice, categoryid, productdetailid, quantity, description) VALUES (390, 105, N'Handmade Fresh Shirt', 623.00, 591.85, 28, null, null, null);
INSERT INTO BlackBeanSkinDB.dbo.ProductBasicData (productid, sellermemberid, productname, price, specialprice, categoryid, productdetailid, quantity, description) VALUES (391, 65, N'Incredible Frozen Salad', 710.00, 532.50, 54, null, null, null);
INSERT INTO BlackBeanSkinDB.dbo.ProductBasicData (productid, sellermemberid, productname, price, specialprice, categoryid, productdetailid, quantity, description) VALUES (392, 143, N'Incredible Granite Chair', 293.00, 260.77, 10, null, null, null);
INSERT INTO BlackBeanSkinDB.dbo.ProductBasicData (productid, sellermemberid, productname, price, specialprice, categoryid, productdetailid, quantity, description) VALUES (393, 187, N'Generic Soft Fish', 930.00, 651.00, 15, null, null, null);
INSERT INTO BlackBeanSkinDB.dbo.ProductBasicData (productid, sellermemberid, productname, price, specialprice, categoryid, productdetailid, quantity, description) VALUES (394, 90, N'Handcrafted Soft Fish', 679.00, 624.68, 54, null, null, null);
INSERT INTO BlackBeanSkinDB.dbo.ProductBasicData (productid, sellermemberid, productname, price, specialprice, categoryid, productdetailid, quantity, description) VALUES (395, 168, N'Handmade Soft Bike', 70.00, 53.20, 51, null, null, null);
INSERT INTO BlackBeanSkinDB.dbo.ProductBasicData (productid, sellermemberid, productname, price, specialprice, categoryid, productdetailid, quantity, description) VALUES (396, 38, N'Gorgeous Granite Hat', 405.00, 291.60, 48, null, null, null);
INSERT INTO BlackBeanSkinDB.dbo.ProductBasicData (productid, sellermemberid, productname, price, specialprice, categoryid, productdetailid, quantity, description) VALUES (397, 156, N'Licensed Soft Tuna', 407.00, 378.51, 58, null, null, null);
INSERT INTO BlackBeanSkinDB.dbo.ProductBasicData (productid, sellermemberid, productname, price, specialprice, categoryid, productdetailid, quantity, description) VALUES (398, 10, N'Tasty Frozen Bacon', 867.00, 814.98, 52, null, null, null);
INSERT INTO BlackBeanSkinDB.dbo.ProductBasicData (productid, sellermemberid, productname, price, specialprice, categoryid, productdetailid, quantity, description) VALUES (399, 109, N'Ergonomic Frozen Chicken', 978.00, 919.32, 31, null, null, null);
INSERT INTO BlackBeanSkinDB.dbo.ProductBasicData (productid, sellermemberid, productname, price, specialprice, categoryid, productdetailid, quantity, description) VALUES (400, 145, N'Incredible Soft Shirt', 452.00, 379.68, 55, null, null, null);
INSERT INTO BlackBeanSkinDB.dbo.ProductBasicData (productid, sellermemberid, productname, price, specialprice, categoryid, productdetailid, quantity, description) VALUES (401, 68, N'Tasty Wooden Gloves', 416.00, 361.92, 48, null, null, null);
INSERT INTO BlackBeanSkinDB.dbo.ProductBasicData (productid, sellermemberid, productname, price, specialprice, categoryid, productdetailid, quantity, description) VALUES (402, 132, N'Incredible Concrete Keyboard', 598.00, 460.46, 16, null, null, null);
INSERT INTO BlackBeanSkinDB.dbo.ProductBasicData (productid, sellermemberid, productname, price, specialprice, categoryid, productdetailid, quantity, description) VALUES (403, 47, N'Handmade Cotton Shirt', 974.00, 769.46, 10, null, null, null);
INSERT INTO BlackBeanSkinDB.dbo.ProductBasicData (productid, sellermemberid, productname, price, specialprice, categoryid, productdetailid, quantity, description) VALUES (404, 2, N'Intelligent Granite Salad', 515.00, 360.50, 24, null, null, null);
INSERT INTO BlackBeanSkinDB.dbo.ProductBasicData (productid, sellermemberid, productname, price, specialprice, categoryid, productdetailid, quantity, description) VALUES (405, 68, N'Refined Granite Computer', 939.00, 713.64, 38, null, null, null);
INSERT INTO BlackBeanSkinDB.dbo.ProductBasicData (productid, sellermemberid, productname, price, specialprice, categoryid, productdetailid, quantity, description) VALUES (406, 174, N'Intelligent Frozen Chicken', 560.00, 392.00, 22, null, null, null);
INSERT INTO BlackBeanSkinDB.dbo.ProductBasicData (productid, sellermemberid, productname, price, specialprice, categoryid, productdetailid, quantity, description) VALUES (407, 63, N'Refined Cotton Chips', 211.00, 162.47, 24, null, null, null);
INSERT INTO BlackBeanSkinDB.dbo.ProductBasicData (productid, sellermemberid, productname, price, specialprice, categoryid, productdetailid, quantity, description) VALUES (408, 67, N'Rustic Wooden Cheese', 596.00, 518.52, 21, null, null, null);
INSERT INTO BlackBeanSkinDB.dbo.ProductBasicData (productid, sellermemberid, productname, price, specialprice, categoryid, productdetailid, quantity, description) VALUES (409, 17, N'Intelligent Metal Table', 726.00, 551.76, 59, null, null, null);
INSERT INTO BlackBeanSkinDB.dbo.ProductBasicData (productid, sellermemberid, productname, price, specialprice, categoryid, productdetailid, quantity, description) VALUES (410, 8, N'Intelligent Fresh Tuna', 699.00, 538.23, 30, null, null, null);
INSERT INTO BlackBeanSkinDB.dbo.ProductBasicData (productid, sellermemberid, productname, price, specialprice, categoryid, productdetailid, quantity, description) VALUES (411, 8, N'Gorgeous Granite Bacon', 898.00, 664.52, 40, null, null, null);
INSERT INTO BlackBeanSkinDB.dbo.ProductBasicData (productid, sellermemberid, productname, price, specialprice, categoryid, productdetailid, quantity, description) VALUES (412, 111, N'Unbranded Steel Chips', 26.00, 23.92, 23, null, null, null);
INSERT INTO BlackBeanSkinDB.dbo.ProductBasicData (productid, sellermemberid, productname, price, specialprice, categoryid, productdetailid, quantity, description) VALUES (413, 178, N'Incredible Rubber Computer', 693.00, 547.47, 47, null, null, null);
INSERT INTO BlackBeanSkinDB.dbo.ProductBasicData (productid, sellermemberid, productname, price, specialprice, categoryid, productdetailid, quantity, description) VALUES (414, 108, N'Unbranded Fresh Chips', 268.00, 198.32, 42, null, null, null);
INSERT INTO BlackBeanSkinDB.dbo.ProductBasicData (productid, sellermemberid, productname, price, specialprice, categoryid, productdetailid, quantity, description) VALUES (415, 151, N'Sleek Cotton Fish', 42.00, 30.24, 57, null, null, null);
INSERT INTO BlackBeanSkinDB.dbo.ProductBasicData (productid, sellermemberid, productname, price, specialprice, categoryid, productdetailid, quantity, description) VALUES (416, 100, N'Awesome Steel Mouse', 965.00, 820.25, 53, null, null, null);
INSERT INTO BlackBeanSkinDB.dbo.ProductBasicData (productid, sellermemberid, productname, price, specialprice, categoryid, productdetailid, quantity, description) VALUES (417, 122, N'Tasty Rubber Cheese', 370.00, 351.50, 47, null, null, null);
INSERT INTO BlackBeanSkinDB.dbo.ProductBasicData (productid, sellermemberid, productname, price, specialprice, categoryid, productdetailid, quantity, description) VALUES (418, 195, N'Incredible Metal Pants', 838.00, 687.16, 14, null, null, null);
INSERT INTO BlackBeanSkinDB.dbo.ProductBasicData (productid, sellermemberid, productname, price, specialprice, categoryid, productdetailid, quantity, description) VALUES (419, 77, N'Refined Soft Fish', 817.00, 694.45, 24, null, null, null);
INSERT INTO BlackBeanSkinDB.dbo.ProductBasicData (productid, sellermemberid, productname, price, specialprice, categoryid, productdetailid, quantity, description) VALUES (420, 115, N'Rustic Cotton Pants', 157.00, 128.74, 51, null, null, null);
INSERT INTO BlackBeanSkinDB.dbo.ProductBasicData (productid, sellermemberid, productname, price, specialprice, categoryid, productdetailid, quantity, description) VALUES (421, 162, N'Small Granite Chicken', 533.00, 399.75, 17, null, null, null);
INSERT INTO BlackBeanSkinDB.dbo.ProductBasicData (productid, sellermemberid, productname, price, specialprice, categoryid, productdetailid, quantity, description) VALUES (422, 157, N'Unbranded Steel Shirt', 425.00, 399.50, 40, null, null, null);
INSERT INTO BlackBeanSkinDB.dbo.ProductBasicData (productid, sellermemberid, productname, price, specialprice, categoryid, productdetailid, quantity, description) VALUES (423, 103, N'Gorgeous Cotton Bacon', 749.00, 621.67, 59, null, null, null);
INSERT INTO BlackBeanSkinDB.dbo.ProductBasicData (productid, sellermemberid, productname, price, specialprice, categoryid, productdetailid, quantity, description) VALUES (424, 186, N'Generic Soft Mouse', 520.00, 390.00, 54, null, null, null);
INSERT INTO BlackBeanSkinDB.dbo.ProductBasicData (productid, sellermemberid, productname, price, specialprice, categoryid, productdetailid, quantity, description) VALUES (425, 190, N'Unbranded Frozen Bacon', 380.00, 292.60, 33, null, null, null);
INSERT INTO BlackBeanSkinDB.dbo.ProductBasicData (productid, sellermemberid, productname, price, specialprice, categoryid, productdetailid, quantity, description) VALUES (426, 55, N'Ergonomic Rubber Shoes', 787.00, 653.21, 22, null, null, null);
INSERT INTO BlackBeanSkinDB.dbo.ProductBasicData (productid, sellermemberid, productname, price, specialprice, categoryid, productdetailid, quantity, description) VALUES (427, 74, N'Awesome Wooden Computer', 850.00, 807.50, 20, null, null, null);
INSERT INTO BlackBeanSkinDB.dbo.ProductBasicData (productid, sellermemberid, productname, price, specialprice, categoryid, productdetailid, quantity, description) VALUES (428, 26, N'Generic Concrete Towels', 758.00, 583.66, 20, null, null, null);
INSERT INTO BlackBeanSkinDB.dbo.ProductBasicData (productid, sellermemberid, productname, price, specialprice, categoryid, productdetailid, quantity, description) VALUES (429, 200, N'Licensed Granite Gloves', 670.00, 502.50, 53, null, null, null);
INSERT INTO BlackBeanSkinDB.dbo.ProductBasicData (productid, sellermemberid, productname, price, specialprice, categoryid, productdetailid, quantity, description) VALUES (430, 86, N'Unbranded Frozen Gloves', 894.00, 831.42, 25, null, null, null);
INSERT INTO BlackBeanSkinDB.dbo.ProductBasicData (productid, sellermemberid, productname, price, specialprice, categoryid, productdetailid, quantity, description) VALUES (431, 4, N'Incredible Concrete Shirt', 232.00, 176.32, 32, null, null, null);
INSERT INTO BlackBeanSkinDB.dbo.ProductBasicData (productid, sellermemberid, productname, price, specialprice, categoryid, productdetailid, quantity, description) VALUES (432, 168, N'Sleek Granite Pizza', 84.00, 71.40, 53, null, null, null);
INSERT INTO BlackBeanSkinDB.dbo.ProductBasicData (productid, sellermemberid, productname, price, specialprice, categoryid, productdetailid, quantity, description) VALUES (433, 23, N'Generic Steel Fish', 297.00, 210.87, 49, null, null, null);
INSERT INTO BlackBeanSkinDB.dbo.ProductBasicData (productid, sellermemberid, productname, price, specialprice, categoryid, productdetailid, quantity, description) VALUES (434, 120, N'Gorgeous Wooden Keyboard', 654.00, 595.14, 25, null, null, null);
INSERT INTO BlackBeanSkinDB.dbo.ProductBasicData (productid, sellermemberid, productname, price, specialprice, categoryid, productdetailid, quantity, description) VALUES (435, 19, N'Generic Concrete Bacon', 918.00, 716.04, 40, null, null, null);
INSERT INTO BlackBeanSkinDB.dbo.ProductBasicData (productid, sellermemberid, productname, price, specialprice, categoryid, productdetailid, quantity, description) VALUES (436, 123, N'Rustic Granite Table', 868.00, 789.88, 10, null, null, null);
INSERT INTO BlackBeanSkinDB.dbo.ProductBasicData (productid, sellermemberid, productname, price, specialprice, categoryid, productdetailid, quantity, description) VALUES (437, 13, N'Refined Plastic Shirt', 440.00, 396.00, 19, null, null, null);
INSERT INTO BlackBeanSkinDB.dbo.ProductBasicData (productid, sellermemberid, productname, price, specialprice, categoryid, productdetailid, quantity, description) VALUES (438, 25, N'Gorgeous Wooden Fish', 683.00, 491.76, 40, null, null, null);
INSERT INTO BlackBeanSkinDB.dbo.ProductBasicData (productid, sellermemberid, productname, price, specialprice, categoryid, productdetailid, quantity, description) VALUES (439, 109, N'Licensed Plastic Gloves', 326.00, 251.02, 54, null, null, null);
INSERT INTO BlackBeanSkinDB.dbo.ProductBasicData (productid, sellermemberid, productname, price, specialprice, categoryid, productdetailid, quantity, description) VALUES (440, 103, N'Rustic Cotton Sausages', 138.00, 125.58, 37, null, null, null);
INSERT INTO BlackBeanSkinDB.dbo.ProductBasicData (productid, sellermemberid, productname, price, specialprice, categoryid, productdetailid, quantity, description) VALUES (441, 41, N'Licensed Steel Bike', 440.00, 352.00, 45, null, null, null);
INSERT INTO BlackBeanSkinDB.dbo.ProductBasicData (productid, sellermemberid, productname, price, specialprice, categoryid, productdetailid, quantity, description) VALUES (442, 22, N'Handcrafted Metal Bacon', 537.00, 467.19, 58, null, null, null);
INSERT INTO BlackBeanSkinDB.dbo.ProductBasicData (productid, sellermemberid, productname, price, specialprice, categoryid, productdetailid, quantity, description) VALUES (443, 151, N'Handcrafted Wooden Pants', 598.00, 550.16, 12, null, null, null);
INSERT INTO BlackBeanSkinDB.dbo.ProductBasicData (productid, sellermemberid, productname, price, specialprice, categoryid, productdetailid, quantity, description) VALUES (444, 39, N'Practical Plastic Car', 943.00, 726.11, 22, null, null, null);
INSERT INTO BlackBeanSkinDB.dbo.ProductBasicData (productid, sellermemberid, productname, price, specialprice, categoryid, productdetailid, quantity, description) VALUES (445, 23, N'Handmade Metal Mouse', 128.00, 103.68, 32, null, null, null);
INSERT INTO BlackBeanSkinDB.dbo.ProductBasicData (productid, sellermemberid, productname, price, specialprice, categoryid, productdetailid, quantity, description) VALUES (446, 195, N'Awesome Rubber Chips', 754.00, 557.96, 41, null, null, null);
INSERT INTO BlackBeanSkinDB.dbo.ProductBasicData (productid, sellermemberid, productname, price, specialprice, categoryid, productdetailid, quantity, description) VALUES (447, 63, N'Handmade Rubber Chips', 762.00, 723.90, 51, null, null, null);
INSERT INTO BlackBeanSkinDB.dbo.ProductBasicData (productid, sellermemberid, productname, price, specialprice, categoryid, productdetailid, quantity, description) VALUES (448, 189, N'Sleek Wooden Bacon', 387.00, 321.21, 25, null, null, null);
INSERT INTO BlackBeanSkinDB.dbo.ProductBasicData (productid, sellermemberid, productname, price, specialprice, categoryid, productdetailid, quantity, description) VALUES (449, 149, N'Awesome Rubber Keyboard', 317.00, 285.30, 23, null, null, null);
INSERT INTO BlackBeanSkinDB.dbo.ProductBasicData (productid, sellermemberid, productname, price, specialprice, categoryid, productdetailid, quantity, description) VALUES (450, 195, N'Sleek Concrete Keyboard', 264.00, 192.72, 23, null, null, null);
INSERT INTO BlackBeanSkinDB.dbo.ProductBasicData (productid, sellermemberid, productname, price, specialprice, categoryid, productdetailid, quantity, description) VALUES (451, 112, N'Fantastic Metal Mouse', 964.00, 829.04, 54, null, null, null);
INSERT INTO BlackBeanSkinDB.dbo.ProductBasicData (productid, sellermemberid, productname, price, specialprice, categoryid, productdetailid, quantity, description) VALUES (452, 184, N'Gorgeous Rubber Ball', 427.00, 358.68, 36, null, null, null);
INSERT INTO BlackBeanSkinDB.dbo.ProductBasicData (productid, sellermemberid, productname, price, specialprice, categoryid, productdetailid, quantity, description) VALUES (453, 3, N'Gorgeous Steel Towels', 656.00, 577.28, 30, null, null, null);
INSERT INTO BlackBeanSkinDB.dbo.ProductBasicData (productid, sellermemberid, productname, price, specialprice, categoryid, productdetailid, quantity, description) VALUES (454, 4, N'Intelligent Concrete Salad', 88.00, 71.28, 46, null, null, null);
INSERT INTO BlackBeanSkinDB.dbo.ProductBasicData (productid, sellermemberid, productname, price, specialprice, categoryid, productdetailid, quantity, description) VALUES (455, 55, N'Handmade Metal Chicken', 508.00, 411.48, 45, null, null, null);
INSERT INTO BlackBeanSkinDB.dbo.ProductBasicData (productid, sellermemberid, productname, price, specialprice, categoryid, productdetailid, quantity, description) VALUES (456, 41, N'Fantastic Granite Fish', 700.00, 567.00, 14, null, null, null);
INSERT INTO BlackBeanSkinDB.dbo.ProductBasicData (productid, sellermemberid, productname, price, specialprice, categoryid, productdetailid, quantity, description) VALUES (457, 39, N'Licensed Cotton Gloves', 65.00, 48.10, 46, null, null, null);
INSERT INTO BlackBeanSkinDB.dbo.ProductBasicData (productid, sellermemberid, productname, price, specialprice, categoryid, productdetailid, quantity, description) VALUES (458, 132, N'Refined Rubber Pants', 113.00, 107.35, 47, null, null, null);
INSERT INTO BlackBeanSkinDB.dbo.ProductBasicData (productid, sellermemberid, productname, price, specialprice, categoryid, productdetailid, quantity, description) VALUES (459, 153, N'Gorgeous Cotton Sausages', 558.00, 491.04, 49, null, null, null);
INSERT INTO BlackBeanSkinDB.dbo.ProductBasicData (productid, sellermemberid, productname, price, specialprice, categoryid, productdetailid, quantity, description) VALUES (460, 60, N'Handcrafted Wooden Keyboard', 925.00, 860.25, 46, null, null, null);
INSERT INTO BlackBeanSkinDB.dbo.ProductBasicData (productid, sellermemberid, productname, price, specialprice, categoryid, productdetailid, quantity, description) VALUES (461, 172, N'Tasty Rubber Table', 998.00, 718.56, 31, null, null, null);
INSERT INTO BlackBeanSkinDB.dbo.ProductBasicData (productid, sellermemberid, productname, price, specialprice, categoryid, productdetailid, quantity, description) VALUES (462, 39, N'Tasty Steel Pants', 42.00, 37.80, 45, null, null, null);
INSERT INTO BlackBeanSkinDB.dbo.ProductBasicData (productid, sellermemberid, productname, price, specialprice, categoryid, productdetailid, quantity, description) VALUES (463, 125, N'Fantastic Concrete Sausages', 664.00, 557.76, 35, null, null, null);
INSERT INTO BlackBeanSkinDB.dbo.ProductBasicData (productid, sellermemberid, productname, price, specialprice, categoryid, productdetailid, quantity, description) VALUES (464, 156, N'Practical Wooden Ball', 240.00, 216.00, 49, null, null, null);
INSERT INTO BlackBeanSkinDB.dbo.ProductBasicData (productid, sellermemberid, productname, price, specialprice, categoryid, productdetailid, quantity, description) VALUES (465, 51, N'Generic Concrete Shoes', 586.00, 421.92, 57, null, null, null);
INSERT INTO BlackBeanSkinDB.dbo.ProductBasicData (productid, sellermemberid, productname, price, specialprice, categoryid, productdetailid, quantity, description) VALUES (466, 87, N'Licensed Granite Shoes', 769.00, 615.20, 32, null, null, null);
INSERT INTO BlackBeanSkinDB.dbo.ProductBasicData (productid, sellermemberid, productname, price, specialprice, categoryid, productdetailid, quantity, description) VALUES (467, 195, N'Intelligent Fresh Shirt', 174.00, 127.02, 12, null, null, null);
INSERT INTO BlackBeanSkinDB.dbo.ProductBasicData (productid, sellermemberid, productname, price, specialprice, categoryid, productdetailid, quantity, description) VALUES (468, 113, N'Unbranded Granite Tuna', 95.00, 67.45, 58, null, null, null);
INSERT INTO BlackBeanSkinDB.dbo.ProductBasicData (productid, sellermemberid, productname, price, specialprice, categoryid, productdetailid, quantity, description) VALUES (469, 189, N'Handmade Soft Shoes', 525.00, 404.25, 44, null, null, null);
INSERT INTO BlackBeanSkinDB.dbo.ProductBasicData (productid, sellermemberid, productname, price, specialprice, categoryid, productdetailid, quantity, description) VALUES (470, 118, N'Unbranded Metal Soap', 644.00, 592.48, 54, null, null, null);
INSERT INTO BlackBeanSkinDB.dbo.ProductBasicData (productid, sellermemberid, productname, price, specialprice, categoryid, productdetailid, quantity, description) VALUES (471, 188, N'Intelligent Metal Shirt', 251.00, 195.78, 43, null, null, null);
INSERT INTO BlackBeanSkinDB.dbo.ProductBasicData (productid, sellermemberid, productname, price, specialprice, categoryid, productdetailid, quantity, description) VALUES (472, 171, N'Gorgeous Frozen Gloves', 660.00, 508.20, 34, null, null, null);
INSERT INTO BlackBeanSkinDB.dbo.ProductBasicData (productid, sellermemberid, productname, price, specialprice, categoryid, productdetailid, quantity, description) VALUES (473, 167, N'Refined Soft Sausages', 692.00, 546.68, 58, null, null, null);
INSERT INTO BlackBeanSkinDB.dbo.ProductBasicData (productid, sellermemberid, productname, price, specialprice, categoryid, productdetailid, quantity, description) VALUES (474, 69, N'Tasty Steel Keyboard', 401.00, 336.84, 12, null, null, null);
INSERT INTO BlackBeanSkinDB.dbo.ProductBasicData (productid, sellermemberid, productname, price, specialprice, categoryid, productdetailid, quantity, description) VALUES (475, 152, N'Fantastic Wooden Hat', 897.00, 789.36, 50, null, null, null);
INSERT INTO BlackBeanSkinDB.dbo.ProductBasicData (productid, sellermemberid, productname, price, specialprice, categoryid, productdetailid, quantity, description) VALUES (476, 167, N'Tasty Wooden Bike', 946.00, 804.10, 59, null, null, null);
INSERT INTO BlackBeanSkinDB.dbo.ProductBasicData (productid, sellermemberid, productname, price, specialprice, categoryid, productdetailid, quantity, description) VALUES (477, 26, N'Incredible Rubber Fish', 494.00, 350.74, 13, null, null, null);
INSERT INTO BlackBeanSkinDB.dbo.ProductBasicData (productid, sellermemberid, productname, price, specialprice, categoryid, productdetailid, quantity, description) VALUES (478, 24, N'Generic Wooden Chair', 236.00, 205.32, 35, null, null, null);
INSERT INTO BlackBeanSkinDB.dbo.ProductBasicData (productid, sellermemberid, productname, price, specialprice, categoryid, productdetailid, quantity, description) VALUES (479, 124, N'Unbranded Rubber Bacon', 451.00, 378.84, 9, null, null, null);
INSERT INTO BlackBeanSkinDB.dbo.ProductBasicData (productid, sellermemberid, productname, price, specialprice, categoryid, productdetailid, quantity, description) VALUES (480, 64, N'Refined Rubber Shirt', 400.00, 344.00, 54, null, null, null);
INSERT INTO BlackBeanSkinDB.dbo.ProductBasicData (productid, sellermemberid, productname, price, specialprice, categoryid, productdetailid, quantity, description) VALUES (481, 127, N'Sleek Wooden Cheese', 667.00, 546.94, 58, null, null, null);
INSERT INTO BlackBeanSkinDB.dbo.ProductBasicData (productid, sellermemberid, productname, price, specialprice, categoryid, productdetailid, quantity, description) VALUES (482, 29, N'Sleek Wooden Shirt', 837.00, 694.71, 8, null, null, null);
INSERT INTO BlackBeanSkinDB.dbo.ProductBasicData (productid, sellermemberid, productname, price, specialprice, categoryid, productdetailid, quantity, description) VALUES (483, 170, N'Ergonomic Wooden Pants', 221.00, 198.90, 55, null, null, null);
INSERT INTO BlackBeanSkinDB.dbo.ProductBasicData (productid, sellermemberid, productname, price, specialprice, categoryid, productdetailid, quantity, description) VALUES (484, 122, N'Handcrafted Concrete Pants', 614.00, 429.80, 48, null, null, null);
INSERT INTO BlackBeanSkinDB.dbo.ProductBasicData (productid, sellermemberid, productname, price, specialprice, categoryid, productdetailid, quantity, description) VALUES (485, 84, N'Fantastic Concrete Bike', 886.00, 761.96, 39, null, null, null);
INSERT INTO BlackBeanSkinDB.dbo.ProductBasicData (productid, sellermemberid, productname, price, specialprice, categoryid, productdetailid, quantity, description) VALUES (486, 120, N'Fantastic Steel Ball', 712.00, 534.00, 18, null, null, null);
INSERT INTO BlackBeanSkinDB.dbo.ProductBasicData (productid, sellermemberid, productname, price, specialprice, categoryid, productdetailid, quantity, description) VALUES (487, 29, N'Ergonomic Wooden Chair', 627.00, 514.14, 48, null, null, null);
INSERT INTO BlackBeanSkinDB.dbo.ProductBasicData (productid, sellermemberid, productname, price, specialprice, categoryid, productdetailid, quantity, description) VALUES (488, 84, N'Handmade Steel Shoes', 772.00, 679.36, 30, null, null, null);
INSERT INTO BlackBeanSkinDB.dbo.ProductBasicData (productid, sellermemberid, productname, price, specialprice, categoryid, productdetailid, quantity, description) VALUES (489, 44, N'Sleek Wooden Car', 197.00, 179.27, 48, null, null, null);
INSERT INTO BlackBeanSkinDB.dbo.ProductBasicData (productid, sellermemberid, productname, price, specialprice, categoryid, productdetailid, quantity, description) VALUES (490, 195, N'Handcrafted Granite Car', 369.00, 309.96, 14, null, null, null);
INSERT INTO BlackBeanSkinDB.dbo.ProductBasicData (productid, sellermemberid, productname, price, specialprice, categoryid, productdetailid, quantity, description) VALUES (491, 160, N'Unbranded Plastic Chips', 275.00, 239.25, 20, null, null, null);
INSERT INTO BlackBeanSkinDB.dbo.ProductBasicData (productid, sellermemberid, productname, price, specialprice, categoryid, productdetailid, quantity, description) VALUES (492, 85, N'Sleek Steel Cheese', 991.00, 852.26, 42, null, null, null);
INSERT INTO BlackBeanSkinDB.dbo.ProductBasicData (productid, sellermemberid, productname, price, specialprice, categoryid, productdetailid, quantity, description) VALUES (493, 72, N'Licensed Soft Towels', 939.00, 713.64, 25, null, null, null);
INSERT INTO BlackBeanSkinDB.dbo.ProductBasicData (productid, sellermemberid, productname, price, specialprice, categoryid, productdetailid, quantity, description) VALUES (494, 67, N'Practical Plastic Pants', 674.00, 525.72, 48, null, null, null);
INSERT INTO BlackBeanSkinDB.dbo.ProductBasicData (productid, sellermemberid, productname, price, specialprice, categoryid, productdetailid, quantity, description) VALUES (495, 25, N'Awesome Metal Hat', 971.00, 747.67, 59, null, null, null);
INSERT INTO BlackBeanSkinDB.dbo.ProductBasicData (productid, sellermemberid, productname, price, specialprice, categoryid, productdetailid, quantity, description) VALUES (496, 93, N'Fantastic Granite Gloves', 799.00, 575.28, 17, null, null, null);
INSERT INTO BlackBeanSkinDB.dbo.ProductBasicData (productid, sellermemberid, productname, price, specialprice, categoryid, productdetailid, quantity, description) VALUES (497, 67, N'Tasty Wooden Hat', 14.00, 13.30, 27, null, null, null);
INSERT INTO BlackBeanSkinDB.dbo.ProductBasicData (productid, sellermemberid, productname, price, specialprice, categoryid, productdetailid, quantity, description) VALUES (498, 191, N'Handcrafted Plastic Pants', 278.00, 216.84, 33, null, null, null);
INSERT INTO BlackBeanSkinDB.dbo.ProductBasicData (productid, sellermemberid, productname, price, specialprice, categoryid, productdetailid, quantity, description) VALUES (499, 121, N'Incredible Steel Chips', 938.00, 684.74, 50, null, null, null);
INSERT INTO BlackBeanSkinDB.dbo.ProductBasicData (productid, sellermemberid, productname, price, specialprice, categoryid, productdetailid, quantity, description) VALUES (500, 156, N'Ergonomic Concrete Soap', 295.00, 230.10, 57, null, null, null);
INSERT INTO BlackBeanSkinDB.dbo.ProductBasicData (productid, sellermemberid, productname, price, specialprice, categoryid, productdetailid, quantity, description) VALUES (501, 143, N'Practical Cotton Soap', 756.00, 604.80, 52, null, null, null);
INSERT INTO BlackBeanSkinDB.dbo.ProductBasicData (productid, sellermemberid, productname, price, specialprice, categoryid, productdetailid, quantity, description) VALUES (502, 65, N'Handcrafted Concrete Gloves', 200.00, 164.00, 12, null, null, null);
INSERT INTO BlackBeanSkinDB.dbo.ProductBasicData (productid, sellermemberid, productname, price, specialprice, categoryid, productdetailid, quantity, description) VALUES (503, 77, N'Generic Steel Ball', 398.00, 358.20, 22, null, null, null);
INSERT INTO BlackBeanSkinDB.dbo.ProductBasicData (productid, sellermemberid, productname, price, specialprice, categoryid, productdetailid, quantity, description) VALUES (504, 126, N'Ergonomic Frozen Shoes', 78.00, 62.40, 34, null, null, null);
INSERT INTO BlackBeanSkinDB.dbo.ProductBasicData (productid, sellermemberid, productname, price, specialprice, categoryid, productdetailid, quantity, description) VALUES (505, 77, N'Ergonomic Rubber Computer', 74.00, 56.24, 10, null, null, null);
INSERT INTO BlackBeanSkinDB.dbo.ProductBasicData (productid, sellermemberid, productname, price, specialprice, categoryid, productdetailid, quantity, description) VALUES (506, 29, N'Handmade Rubber Bacon', 485.00, 368.60, 36, null, null, null);
INSERT INTO BlackBeanSkinDB.dbo.ProductBasicData (productid, sellermemberid, productname, price, specialprice, categoryid, productdetailid, quantity, description) VALUES (507, 112, N'Practical Soft Hat', 715.00, 557.70, 30, null, null, null);
INSERT INTO BlackBeanSkinDB.dbo.ProductBasicData (productid, sellermemberid, productname, price, specialprice, categoryid, productdetailid, quantity, description) VALUES (508, 195, N'Gorgeous Rubber Pants', 503.00, 407.43, 36, null, null, null);
INSERT INTO BlackBeanSkinDB.dbo.ProductBasicData (productid, sellermemberid, productname, price, specialprice, categoryid, productdetailid, quantity, description) VALUES (509, 125, N'Incredible Rubber Keyboard', 279.00, 237.15, 44, null, null, null);
INSERT INTO BlackBeanSkinDB.dbo.ProductBasicData (productid, sellermemberid, productname, price, specialprice, categoryid, productdetailid, quantity, description) VALUES (510, 53, N'Practical Soft Table', 796.00, 628.84, 31, null, null, null);
INSERT INTO BlackBeanSkinDB.dbo.ProductBasicData (productid, sellermemberid, productname, price, specialprice, categoryid, productdetailid, quantity, description) VALUES (511, 11, N'Intelligent Frozen Salad', 7.00, 6.37, 59, null, null, null);
INSERT INTO BlackBeanSkinDB.dbo.ProductBasicData (productid, sellermemberid, productname, price, specialprice, categoryid, productdetailid, quantity, description) VALUES (512, 103, N'Rustic Metal Towels', 137.00, 124.67, 57, null, null, null);
INSERT INTO BlackBeanSkinDB.dbo.ProductBasicData (productid, sellermemberid, productname, price, specialprice, categoryid, productdetailid, quantity, description) VALUES (513, 138, N'Practical Rubber Bike', 513.00, 461.70, 53, null, null, null);
INSERT INTO BlackBeanSkinDB.dbo.ProductBasicData (productid, sellermemberid, productname, price, specialprice, categoryid, productdetailid, quantity, description) VALUES (514, 16, N'Gorgeous Soft Soap', 364.00, 298.48, 24, null, null, null);
INSERT INTO BlackBeanSkinDB.dbo.ProductBasicData (productid, sellermemberid, productname, price, specialprice, categoryid, productdetailid, quantity, description) VALUES (515, 149, N'Unbranded Plastic Fish', 246.00, 228.78, 40, null, null, null);
INSERT INTO BlackBeanSkinDB.dbo.ProductBasicData (productid, sellermemberid, productname, price, specialprice, categoryid, productdetailid, quantity, description) VALUES (516, 158, N'Ergonomic Concrete Fish', 183.00, 146.40, 30, null, null, null);
INSERT INTO BlackBeanSkinDB.dbo.ProductBasicData (productid, sellermemberid, productname, price, specialprice, categoryid, productdetailid, quantity, description) VALUES (517, 93, N'Unbranded Frozen Bike', 196.00, 152.88, 34, null, null, null);
INSERT INTO BlackBeanSkinDB.dbo.ProductBasicData (productid, sellermemberid, productname, price, specialprice, categoryid, productdetailid, quantity, description) VALUES (518, 74, N'Sleek Steel Table', 26.00, 21.58, 45, null, null, null);
INSERT INTO BlackBeanSkinDB.dbo.ProductBasicData (productid, sellermemberid, productname, price, specialprice, categoryid, productdetailid, quantity, description) VALUES (519, 124, N'Awesome Granite Hat', 820.00, 729.80, 24, null, null, null);
INSERT INTO BlackBeanSkinDB.dbo.ProductBasicData (productid, sellermemberid, productname, price, specialprice, categoryid, productdetailid, quantity, description) VALUES (520, 125, N'Incredible Soft Cheese', 698.00, 523.50, 24, null, null, null);
INSERT INTO BlackBeanSkinDB.dbo.ProductBasicData (productid, sellermemberid, productname, price, specialprice, categoryid, productdetailid, quantity, description) VALUES (521, 12, N'Handmade Wooden Computer', 772.00, 602.16, 44, null, null, null);
INSERT INTO BlackBeanSkinDB.dbo.ProductBasicData (productid, sellermemberid, productname, price, specialprice, categoryid, productdetailid, quantity, description) VALUES (522, 52, N'Refined Rubber Towels', 656.00, 472.32, 48, null, null, null);
INSERT INTO BlackBeanSkinDB.dbo.ProductBasicData (productid, sellermemberid, productname, price, specialprice, categoryid, productdetailid, quantity, description) VALUES (523, 164, N'Gorgeous Plastic Chair', 754.00, 648.44, 40, null, null, null);
INSERT INTO BlackBeanSkinDB.dbo.ProductBasicData (productid, sellermemberid, productname, price, specialprice, categoryid, productdetailid, quantity, description) VALUES (524, 198, N'Handmade Cotton Gloves', 856.00, 633.44, 12, null, null, null);
INSERT INTO BlackBeanSkinDB.dbo.ProductBasicData (productid, sellermemberid, productname, price, specialprice, categoryid, productdetailid, quantity, description) VALUES (525, 6, N'Practical Fresh Table', 475.00, 332.50, 29, null, null, null);
INSERT INTO BlackBeanSkinDB.dbo.ProductBasicData (productid, sellermemberid, productname, price, specialprice, categoryid, productdetailid, quantity, description) VALUES (526, 127, N'Handmade Wooden Salad', 982.00, 785.60, 14, null, null, null);
INSERT INTO BlackBeanSkinDB.dbo.ProductBasicData (productid, sellermemberid, productname, price, specialprice, categoryid, productdetailid, quantity, description) VALUES (527, 103, N'Generic Metal Soap', 663.00, 623.22, 39, null, null, null);
INSERT INTO BlackBeanSkinDB.dbo.ProductBasicData (productid, sellermemberid, productname, price, specialprice, categoryid, productdetailid, quantity, description) VALUES (528, 191, N'Practical Wooden Pizza', 46.00, 43.24, 34, null, null, null);
INSERT INTO BlackBeanSkinDB.dbo.ProductBasicData (productid, sellermemberid, productname, price, specialprice, categoryid, productdetailid, quantity, description) VALUES (529, 41, N'Intelligent Plastic Salad', 374.00, 355.30, 11, null, null, null);
INSERT INTO BlackBeanSkinDB.dbo.ProductBasicData (productid, sellermemberid, productname, price, specialprice, categoryid, productdetailid, quantity, description) VALUES (530, 54, N'Refined Concrete Mouse', 390.00, 292.50, 19, null, null, null);
INSERT INTO BlackBeanSkinDB.dbo.ProductBasicData (productid, sellermemberid, productname, price, specialprice, categoryid, productdetailid, quantity, description) VALUES (531, 118, N'Generic Cotton Chips', 354.00, 297.36, 52, null, null, null);
INSERT INTO BlackBeanSkinDB.dbo.ProductBasicData (productid, sellermemberid, productname, price, specialprice, categoryid, productdetailid, quantity, description) VALUES (532, 25, N'Tasty Frozen Cheese', 923.00, 867.62, 42, null, null, null);
INSERT INTO BlackBeanSkinDB.dbo.ProductBasicData (productid, sellermemberid, productname, price, specialprice, categoryid, productdetailid, quantity, description) VALUES (533, 22, N'Practical Wooden Hat', 595.00, 535.50, 57, null, null, null);
INSERT INTO BlackBeanSkinDB.dbo.ProductBasicData (productid, sellermemberid, productname, price, specialprice, categoryid, productdetailid, quantity, description) VALUES (534, 139, N'Sleek Metal Bacon', 608.00, 522.88, 47, null, null, null);
INSERT INTO BlackBeanSkinDB.dbo.ProductBasicData (productid, sellermemberid, productname, price, specialprice, categoryid, productdetailid, quantity, description) VALUES (535, 167, N'Refined Wooden Shoes', 466.00, 382.12, 16, null, null, null);
INSERT INTO BlackBeanSkinDB.dbo.ProductBasicData (productid, sellermemberid, productname, price, specialprice, categoryid, productdetailid, quantity, description) VALUES (536, 119, N'Incredible Wooden Shirt', 912.00, 857.28, 59, null, null, null);
INSERT INTO BlackBeanSkinDB.dbo.ProductBasicData (productid, sellermemberid, productname, price, specialprice, categoryid, productdetailid, quantity, description) VALUES (537, 89, N'Tasty Cotton Soap', 190.00, 153.90, 38, null, null, null);
INSERT INTO BlackBeanSkinDB.dbo.ProductBasicData (productid, sellermemberid, productname, price, specialprice, categoryid, productdetailid, quantity, description) VALUES (538, 55, N'Gorgeous Metal Hat', 460.00, 340.40, 8, null, null, null);
INSERT INTO BlackBeanSkinDB.dbo.ProductBasicData (productid, sellermemberid, productname, price, specialprice, categoryid, productdetailid, quantity, description) VALUES (539, 94, N'Intelligent Steel Cheese', 274.00, 238.38, 52, null, null, null);
INSERT INTO BlackBeanSkinDB.dbo.ProductBasicData (productid, sellermemberid, productname, price, specialprice, categoryid, productdetailid, quantity, description) VALUES (540, 73, N'Handcrafted Cotton Chair', 613.00, 551.70, 12, null, null, null);
INSERT INTO BlackBeanSkinDB.dbo.ProductBasicData (productid, sellermemberid, productname, price, specialprice, categoryid, productdetailid, quantity, description) VALUES (541, 16, N'Intelligent Granite Towels', 562.00, 455.22, 13, null, null, null);
INSERT INTO BlackBeanSkinDB.dbo.ProductBasicData (productid, sellermemberid, productname, price, specialprice, categoryid, productdetailid, quantity, description) VALUES (542, 121, N'Refined Frozen Gloves', 863.00, 793.96, 21, null, null, null);
INSERT INTO BlackBeanSkinDB.dbo.ProductBasicData (productid, sellermemberid, productname, price, specialprice, categoryid, productdetailid, quantity, description) VALUES (543, 172, N'Refined Soft Chair', 914.00, 840.88, 51, null, null, null);
INSERT INTO BlackBeanSkinDB.dbo.ProductBasicData (productid, sellermemberid, productname, price, specialprice, categoryid, productdetailid, quantity, description) VALUES (544, 186, N'Sleek Cotton Mouse', 425.00, 378.25, 41, null, null, null);
INSERT INTO BlackBeanSkinDB.dbo.ProductBasicData (productid, sellermemberid, productname, price, specialprice, categoryid, productdetailid, quantity, description) VALUES (545, 126, N'Small Soft Towels', 777.00, 714.84, 15, null, null, null);
INSERT INTO BlackBeanSkinDB.dbo.ProductBasicData (productid, sellermemberid, productname, price, specialprice, categoryid, productdetailid, quantity, description) VALUES (546, 132, N'Refined Metal Ball', 301.00, 210.70, 46, null, null, null);
INSERT INTO BlackBeanSkinDB.dbo.ProductBasicData (productid, sellermemberid, productname, price, specialprice, categoryid, productdetailid, quantity, description) VALUES (547, 172, N'Licensed Soft Car', 223.00, 156.10, 32, null, null, null);
INSERT INTO BlackBeanSkinDB.dbo.ProductBasicData (productid, sellermemberid, productname, price, specialprice, categoryid, productdetailid, quantity, description) VALUES (548, 86, N'Refined Cotton Bacon', 408.00, 301.92, 52, null, null, null);
INSERT INTO BlackBeanSkinDB.dbo.ProductBasicData (productid, sellermemberid, productname, price, specialprice, categoryid, productdetailid, quantity, description) VALUES (549, 143, N'Refined Frozen Bike', 789.00, 568.08, 43, null, null, null);
INSERT INTO BlackBeanSkinDB.dbo.ProductBasicData (productid, sellermemberid, productname, price, specialprice, categoryid, productdetailid, quantity, description) VALUES (550, 158, N'Licensed Plastic Computer', 538.00, 435.78, 58, null, null, null);
INSERT INTO BlackBeanSkinDB.dbo.ProductBasicData (productid, sellermemberid, productname, price, specialprice, categoryid, productdetailid, quantity, description) VALUES (551, 5, N'Tasty Wooden Mouse', 460.00, 326.60, 17, null, null, null);
INSERT INTO BlackBeanSkinDB.dbo.ProductBasicData (productid, sellermemberid, productname, price, specialprice, categoryid, productdetailid, quantity, description) VALUES (552, 142, N'Awesome Cotton Sausages', 814.00, 773.30, 41, null, null, null);
INSERT INTO BlackBeanSkinDB.dbo.ProductBasicData (productid, sellermemberid, productname, price, specialprice, categoryid, productdetailid, quantity, description) VALUES (553, 32, N'Small Granite Mouse', 138.00, 104.88, 34, null, null, null);
INSERT INTO BlackBeanSkinDB.dbo.ProductBasicData (productid, sellermemberid, productname, price, specialprice, categoryid, productdetailid, quantity, description) VALUES (554, 153, N'Refined Wooden Chicken', 972.00, 719.28, 28, null, null, null);
INSERT INTO BlackBeanSkinDB.dbo.ProductBasicData (productid, sellermemberid, productname, price, specialprice, categoryid, productdetailid, quantity, description) VALUES (555, 95, N'Gorgeous Wooden Shirt', 41.00, 38.95, 33, null, null, null);
INSERT INTO BlackBeanSkinDB.dbo.ProductBasicData (productid, sellermemberid, productname, price, specialprice, categoryid, productdetailid, quantity, description) VALUES (556, 104, N'Small Fresh Bacon', 670.00, 576.20, 23, null, null, null);
INSERT INTO BlackBeanSkinDB.dbo.ProductBasicData (productid, sellermemberid, productname, price, specialprice, categoryid, productdetailid, quantity, description) VALUES (557, 178, N'Incredible Soft Tuna', 346.00, 276.80, 56, null, null, null);
INSERT INTO BlackBeanSkinDB.dbo.ProductBasicData (productid, sellermemberid, productname, price, specialprice, categoryid, productdetailid, quantity, description) VALUES (558, 170, N'Handcrafted Soft Car', 330.00, 273.90, 56, null, null, null);
INSERT INTO BlackBeanSkinDB.dbo.ProductBasicData (productid, sellermemberid, productname, price, specialprice, categoryid, productdetailid, quantity, description) VALUES (559, 31, N'Small Steel Cheese', 666.00, 472.86, 44, null, null, null);
INSERT INTO BlackBeanSkinDB.dbo.ProductBasicData (productid, sellermemberid, productname, price, specialprice, categoryid, productdetailid, quantity, description) VALUES (560, 113, N'Refined Cotton Fish', 157.00, 141.30, 30, null, null, null);
INSERT INTO BlackBeanSkinDB.dbo.ProductBasicData (productid, sellermemberid, productname, price, specialprice, categoryid, productdetailid, quantity, description) VALUES (561, 143, N'Practical Wooden Gloves', 862.00, 801.66, 22, null, null, null);
INSERT INTO BlackBeanSkinDB.dbo.ProductBasicData (productid, sellermemberid, productname, price, specialprice, categoryid, productdetailid, quantity, description) VALUES (562, 27, N'Tasty Steel Fish', 435.00, 308.85, 50, null, null, null);
INSERT INTO BlackBeanSkinDB.dbo.ProductBasicData (productid, sellermemberid, productname, price, specialprice, categoryid, productdetailid, quantity, description) VALUES (563, 183, N'Gorgeous Wooden Chair', 69.00, 54.51, 36, null, null, null);
INSERT INTO BlackBeanSkinDB.dbo.ProductBasicData (productid, sellermemberid, productname, price, specialprice, categoryid, productdetailid, quantity, description) VALUES (564, 179, N'Incredible Metal Soap', 591.00, 514.17, 48, null, null, null);
INSERT INTO BlackBeanSkinDB.dbo.ProductBasicData (productid, sellermemberid, productname, price, specialprice, categoryid, productdetailid, quantity, description) VALUES (565, 106, N'Tasty Rubber Car', 794.00, 563.74, 35, null, null, null);
INSERT INTO BlackBeanSkinDB.dbo.ProductBasicData (productid, sellermemberid, productname, price, specialprice, categoryid, productdetailid, quantity, description) VALUES (566, 45, N'Refined Cotton Car', 206.00, 152.44, 53, null, null, null);
INSERT INTO BlackBeanSkinDB.dbo.ProductBasicData (productid, sellermemberid, productname, price, specialprice, categoryid, productdetailid, quantity, description) VALUES (567, 17, N'Small Concrete Chicken', 442.00, 335.92, 11, null, null, null);
INSERT INTO BlackBeanSkinDB.dbo.ProductBasicData (productid, sellermemberid, productname, price, specialprice, categoryid, productdetailid, quantity, description) VALUES (568, 86, N'Small Fresh Gloves', 335.00, 257.95, 15, null, null, null);
INSERT INTO BlackBeanSkinDB.dbo.ProductBasicData (productid, sellermemberid, productname, price, specialprice, categoryid, productdetailid, quantity, description) VALUES (569, 195, N'Refined Fresh Pants', 176.00, 161.92, 34, null, null, null);
INSERT INTO BlackBeanSkinDB.dbo.ProductBasicData (productid, sellermemberid, productname, price, specialprice, categoryid, productdetailid, quantity, description) VALUES (570, 125, N'Awesome Wooden Salad', 336.00, 268.80, 32, null, null, null);
INSERT INTO BlackBeanSkinDB.dbo.ProductBasicData (productid, sellermemberid, productname, price, specialprice, categoryid, productdetailid, quantity, description) VALUES (571, 149, N'Gorgeous Cotton Fish', 506.00, 450.34, 32, null, null, null);
INSERT INTO BlackBeanSkinDB.dbo.ProductBasicData (productid, sellermemberid, productname, price, specialprice, categoryid, productdetailid, quantity, description) VALUES (572, 147, N'Unbranded Metal Towels', 191.00, 141.34, 50, null, null, null);
INSERT INTO BlackBeanSkinDB.dbo.ProductBasicData (productid, sellermemberid, productname, price, specialprice, categoryid, productdetailid, quantity, description) VALUES (573, 157, N'Tasty Granite Tuna', 707.00, 565.60, 47, null, null, null);
INSERT INTO BlackBeanSkinDB.dbo.ProductBasicData (productid, sellermemberid, productname, price, specialprice, categoryid, productdetailid, quantity, description) VALUES (574, 58, N'Practical Steel Bacon', 618.00, 500.58, 34, null, null, null);
INSERT INTO BlackBeanSkinDB.dbo.ProductBasicData (productid, sellermemberid, productname, price, specialprice, categoryid, productdetailid, quantity, description) VALUES (575, 178, N'Tasty Plastic Chicken', 302.00, 286.90, 14, null, null, null);
INSERT INTO BlackBeanSkinDB.dbo.ProductBasicData (productid, sellermemberid, productname, price, specialprice, categoryid, productdetailid, quantity, description) VALUES (576, 93, N'Small Metal Cheese', 69.00, 56.58, 55, null, null, null);
INSERT INTO BlackBeanSkinDB.dbo.ProductBasicData (productid, sellermemberid, productname, price, specialprice, categoryid, productdetailid, quantity, description) VALUES (577, 167, N'Tasty Concrete Table', 959.00, 719.25, 21, null, null, null);
INSERT INTO BlackBeanSkinDB.dbo.ProductBasicData (productid, sellermemberid, productname, price, specialprice, categoryid, productdetailid, quantity, description) VALUES (578, 2, N'Unbranded Plastic Shoes', 817.00, 612.75, 55, null, null, null);
INSERT INTO BlackBeanSkinDB.dbo.ProductBasicData (productid, sellermemberid, productname, price, specialprice, categoryid, productdetailid, quantity, description) VALUES (579, 129, N'Awesome Frozen Table', 352.00, 253.44, 50, null, null, null);
INSERT INTO BlackBeanSkinDB.dbo.ProductBasicData (productid, sellermemberid, productname, price, specialprice, categoryid, productdetailid, quantity, description) VALUES (580, 173, N'Gorgeous Soft Cheese', 703.00, 576.46, 51, null, null, null);
INSERT INTO BlackBeanSkinDB.dbo.ProductBasicData (productid, sellermemberid, productname, price, specialprice, categoryid, productdetailid, quantity, description) VALUES (581, 82, N'Rustic Fresh Towels', 358.00, 315.04, 12, null, null, null);
INSERT INTO BlackBeanSkinDB.dbo.ProductBasicData (productid, sellermemberid, productname, price, specialprice, categoryid, productdetailid, quantity, description) VALUES (582, 7, N'Small Frozen Towels', 425.00, 391.00, 31, null, null, null);
INSERT INTO BlackBeanSkinDB.dbo.ProductBasicData (productid, sellermemberid, productname, price, specialprice, categoryid, productdetailid, quantity, description) VALUES (583, 194, N'Gorgeous Cotton Pizza', 752.00, 609.12, 10, null, null, null);
INSERT INTO BlackBeanSkinDB.dbo.ProductBasicData (productid, sellermemberid, productname, price, specialprice, categoryid, productdetailid, quantity, description) VALUES (584, 190, N'Ergonomic Frozen Cheese', 685.00, 595.95, 58, null, null, null);
INSERT INTO BlackBeanSkinDB.dbo.ProductBasicData (productid, sellermemberid, productname, price, specialprice, categoryid, productdetailid, quantity, description) VALUES (585, 116, N'Handmade Metal Tuna', 600.00, 504.00, 58, null, null, null);
INSERT INTO BlackBeanSkinDB.dbo.ProductBasicData (productid, sellermemberid, productname, price, specialprice, categoryid, productdetailid, quantity, description) VALUES (586, 171, N'Fantastic Wooden Sausages', 388.00, 294.88, 22, null, null, null);
INSERT INTO BlackBeanSkinDB.dbo.ProductBasicData (productid, sellermemberid, productname, price, specialprice, categoryid, productdetailid, quantity, description) VALUES (587, 95, N'Fantastic Soft Shoes', 898.00, 673.50, 39, null, null, null);
INSERT INTO BlackBeanSkinDB.dbo.ProductBasicData (productid, sellermemberid, productname, price, specialprice, categoryid, productdetailid, quantity, description) VALUES (588, 132, N'Generic Frozen Table', 500.00, 415.00, 11, null, null, null);
INSERT INTO BlackBeanSkinDB.dbo.ProductBasicData (productid, sellermemberid, productname, price, specialprice, categoryid, productdetailid, quantity, description) VALUES (589, 112, N'Unbranded Fresh Salad', 958.00, 900.52, 26, null, null, null);
INSERT INTO BlackBeanSkinDB.dbo.ProductBasicData (productid, sellermemberid, productname, price, specialprice, categoryid, productdetailid, quantity, description) VALUES (590, 158, N'Intelligent Concrete Mouse', 833.00, 666.40, 59, null, null, null);
INSERT INTO BlackBeanSkinDB.dbo.ProductBasicData (productid, sellermemberid, productname, price, specialprice, categoryid, productdetailid, quantity, description) VALUES (591, 95, N'Awesome Fresh Mouse', 747.00, 605.07, 44, null, null, null);
INSERT INTO BlackBeanSkinDB.dbo.ProductBasicData (productid, sellermemberid, productname, price, specialprice, categoryid, productdetailid, quantity, description) VALUES (592, 45, N'Unbranded Fresh Cheese', 962.00, 702.26, 55, null, null, null);
INSERT INTO BlackBeanSkinDB.dbo.ProductBasicData (productid, sellermemberid, productname, price, specialprice, categoryid, productdetailid, quantity, description) VALUES (593, 106, N'Fantastic Soft Bacon', 466.00, 349.50, 30, null, null, null);
INSERT INTO BlackBeanSkinDB.dbo.ProductBasicData (productid, sellermemberid, productname, price, specialprice, categoryid, productdetailid, quantity, description) VALUES (594, 21, N'Rustic Soft Table', 749.00, 614.18, 59, null, null, null);
INSERT INTO BlackBeanSkinDB.dbo.ProductBasicData (productid, sellermemberid, productname, price, specialprice, categoryid, productdetailid, quantity, description) VALUES (595, 60, N'Practical Frozen Soap', 4.00, 2.92, 53, null, null, null);
INSERT INTO BlackBeanSkinDB.dbo.ProductBasicData (productid, sellermemberid, productname, price, specialprice, categoryid, productdetailid, quantity, description) VALUES (596, 122, N'Intelligent Plastic Bike', 367.00, 344.98, 8, null, null, null);
INSERT INTO BlackBeanSkinDB.dbo.ProductBasicData (productid, sellermemberid, productname, price, specialprice, categoryid, productdetailid, quantity, description) VALUES (597, 16, N'Gorgeous Metal Towels', 818.00, 629.86, 46, null, null, null);
INSERT INTO BlackBeanSkinDB.dbo.ProductBasicData (productid, sellermemberid, productname, price, specialprice, categoryid, productdetailid, quantity, description) VALUES (598, 115, N'Practical Soft Sausages', 458.00, 425.94, 25, null, null, null);
INSERT INTO BlackBeanSkinDB.dbo.ProductBasicData (productid, sellermemberid, productname, price, specialprice, categoryid, productdetailid, quantity, description) VALUES (599, 99, N'Small Metal Car', 261.00, 229.68, 44, null, null, null);
INSERT INTO BlackBeanSkinDB.dbo.ProductBasicData (productid, sellermemberid, productname, price, specialprice, categoryid, productdetailid, quantity, description) VALUES (600, 83, N'Gorgeous Wooden Shirt', 461.00, 433.34, 28, null, null, null);